time,us_aqi,pm10,pm2_5,nitrogen_dioxide,ozone,timestamp,hour,day_of_week,month,aqi_change_rate,aqi_lag_1,aqi_lag_24,target_aqi_24h
2026-03-09T00:00,81,53.0,41.2,72.4,12.0,2026-03-09 00:00:00,0,0,3,0.0,81.0,81.0,89.0
2026-03-09T01:00,82,43.9,34.5,56.6,24.0,2026-03-09 01:00:00,1,0,3,1.0,81.0,82.0,88.0
2026-03-09T02:00,82,37.0,28.8,42.8,34.0,2026-03-09 02:00:00,2,0,3,0.0,82.0,82.0,87.0
2026-03-09T03:00,82,31.5,24.3,31.5,41.0,2026-03-09 03:00:00,3,0,3,0.0,82.0,82.0,87.0
2026-03-09T04:00,82,27.7,21.6,22.2,47.0,2026-03-09 04:00:00,4,0,3,0.0,82.0,82.0,87.0
2026-03-09T05:00,82,38.9,29.6,33.3,38.0,2026-03-09 05:00:00,5,0,3,0.0,82.0,82.0,87.0
2026-03-09T06:00,84,33.6,26.4,37.4,31.0,2026-03-09 06:00:00,6,0,3,2.0,82.0,84.0,87.0
2026-03-09T07:00,85,32.9,27.6,42.9,23.0,2026-03-09 07:00:00,7,0,3,1.0,84.0,85.0,86.0
2026-03-09T08:00,85,36.8,32.5,44.8,23.0,2026-03-09 08:00:00,8,0,3,0.0,85.0,85.0,86.0
2026-03-09T09:00,86,41.3,34.6,40.3,40.0,2026-03-09 09:00:00,9,0,3,1.0,85.0,86.0,86.0
2026-03-09T10:00,87,43.3,29.3,32.2,65.0,2026-03-09 10:00:00,10,0,3,1.0,86.0,87.0,86.0
2026-03-09T11:00,88,40.7,24.1,25.0,87.0,2026-03-09 11:00:00,11,0,3,1.0,87.0,88.0,86.0
2026-03-09T12:00,89,40.6,22.5,19.1,104.0,2026-03-09 12:00:00,12,0,3,1.0,88.0,89.0,88.0
2026-03-09T13:00,90,43.8,22.5,14.0,117.0,2026-03-09 13:00:00,13,0,3,1.0,89.0,90.0,89.0
2026-03-09T14:00,90,47.5,23.3,12.1,123.0,2026-03-09 14:00:00,14,0,3,0.0,90.0,90.0,91.0
2026-03-09T15:00,90,49.4,23.7,16.5,117.0,2026-03-09 15:00:00,15,0,3,0.0,90.0,90.0,92.0
2026-03-09T16:00,90,50.1,24.1,24.2,103.0,2026-03-09 16:00:00,16,0,3,0.0,90.0,90.0,93.0
2026-03-09T17:00,91,50.2,24.8,28.2,104.0,2026-03-09 17:00:00,17,0,3,1.0,90.0,91.0,94.0
2026-03-09T18:00,91,70.8,46.0,50.1,72.0,2026-03-09 18:00:00,18,0,3,0.0,91.0,91.0,94.0
2026-03-09T19:00,93,81.3,57.4,79.2,30.0,2026-03-09 19:00:00,19,0,3,2.0,91.0,93.0,93.0
2026-03-09T20:00,94,62.4,44.6,93.1,7.0,2026-03-09 20:00:00,20,0,3,1.0,93.0,94.0,90.0
2026-03-09T21:00,94,48.5,33.9,77.0,23.0,2026-03-09 21:00:00,21,0,3,0.0,94.0,94.0,89.0
2026-03-09T22:00,93,42.0,28.6,45.7,58.0,2026-03-09 22:00:00,22,0,3,-1.0,94.0,93.0,89.0
2026-03-09T23:00,91,40.4,26.5,20.9,86.0,2026-03-09 23:00:00,23,0,3,-2.0,93.0,91.0,88.0
2026-03-10T00:00,89,41.2,26.6,11.5,97.0,2026-03-10 00:00:00,0,1,3,-2.0,91.0,81.0,88.0
2026-03-10T01:00,88,41.7,26.7,8.7,101.0,2026-03-10 01:00:00,1,1,3,-1.0,89.0,82.0,88.0
2026-03-10T02:00,87,40.0,26.1,7.1,103.0,2026-03-10 02:00:00,2,1,3,-1.0,88.0,82.0,88.0
2026-03-10T03:00,87,38.1,25.3,4.8,104.0,2026-03-10 03:00:00,3,1,3,0.0,87.0,82.0,87.0
2026-03-10T04:00,87,35.2,24.1,3.8,102.0,2026-03-10 04:00:00,4,1,3,0.0,87.0,82.0,87.0
2026-03-10T05:00,87,32.4,19.1,4.1,101.0,2026-03-10 05:00:00,5,1,3,0.0,87.0,82.0,86.0
2026-03-10T06:00,87,37.0,20.8,10.2,94.0,2026-03-10 06:00:00,6,1,3,0.0,87.0,84.0,87.0
2026-03-10T07:00,86,41.4,25.6,18.4,85.0,2026-03-10 07:00:00,7,1,3,-1.0,87.0,85.0,87.0
2026-03-10T08:00,86,44.2,30.6,22.9,82.0,2026-03-10 08:00:00,8,1,3,0.0,86.0,85.0,87.0
2026-03-10T09:00,86,51.3,33.3,20.1,90.0,2026-03-10 09:00:00,9,1,3,0.0,86.0,86.0,86.0
2026-03-10T10:00,86,68.9,36.2,13.6,103.0,2026-03-10 10:00:00,10,1,3,0.0,86.0,87.0,85.0
2026-03-10T11:00,86,87.5,42.3,8.6,113.0,2026-03-10 11:00:00,11,1,3,0.0,86.0,88.0,84.0
2026-03-10T12:00,88,74.7,39.5,6.8,118.0,2026-03-10 12:00:00,12,1,3,2.0,86.0,89.0,82.0
2026-03-10T13:00,89,73.6,38.1,6.6,121.0,2026-03-10 13:00:00,13,1,3,1.0,88.0,90.0,80.0
2026-03-10T14:00,91,68.2,36.6,8.0,120.0,2026-03-10 14:00:00,14,1,3,2.0,89.0,90.0,80.0
2026-03-10T15:00,92,63.6,36.2,11.7,114.0,2026-03-10 15:00:00,15,1,3,1.0,91.0,90.0,79.0
2026-03-10T16:00,93,52.3,32.6,17.0,104.0,2026-03-10 16:00:00,16,1,3,1.0,92.0,90.0,78.0
2026-03-10T17:00,94,45.3,31.1,21.8,95.0,2026-03-10 17:00:00,17,1,3,1.0,93.0,91.0,78.0
2026-03-10T18:00,94,41.3,29.6,25.2,86.0,2026-03-10 18:00:00,18,1,3,0.0,94.0,91.0,79.0
2026-03-10T19:00,93,39.8,29.7,29.5,74.0,2026-03-10 19:00:00,19,1,3,-1.0,94.0,93.0,80.0
2026-03-10T20:00,90,37.7,29.7,30.4,70.0,2026-03-10 20:00:00,20,1,3,-3.0,93.0,94.0,82.0
2026-03-10T21:00,89,38.6,27.6,24.5,81.0,2026-03-10 21:00:00,21,1,3,-1.0,90.0,94.0,85.0
2026-03-10T22:00,89,38.1,26.4,15.1,99.0,2026-03-10 22:00:00,22,1,3,0.0,89.0,93.0,86.0
2026-03-10T23:00,88,40.7,27.3,7.9,112.0,2026-03-10 23:00:00,23,1,3,-1.0,89.0,91.0,87.0
2026-03-11T00:00,88,36.8,26.3,5.3,113.0,2026-03-11 00:00:00,0,2,3,0.0,88.0,89.0,86.0
2026-03-11T01:00,88,32.9,22.9,4.8,109.0,2026-03-11 01:00:00,1,2,3,0.0,88.0,88.0,85.0
2026-03-11T02:00,88,28.4,20.0,4.7,105.0,2026-03-11 02:00:00,2,2,3,0.0,88.0,87.0,85.0
2026-03-11T03:00,87,25.5,18.2,3.3,107.0,2026-03-11 03:00:00,3,2,3,-1.0,88.0,87.0,85.0
2026-03-11T04:00,87,27.6,18.7,2.3,109.0,2026-03-11 04:00:00,4,2,3,0.0,87.0,87.0,85.0
2026-03-11T05:00,86,35.9,24.4,9.3,72.0,2026-03-11 05:00:00,5,2,3,-1.0,87.0,87.0,85.0
2026-03-11T06:00,87,34.0,22.8,16.6,66.0,2026-03-11 06:00:00,6,2,3,1.0,86.0,87.0,84.0
2026-03-11T07:00,87,31.2,22.5,26.5,59.0,2026-03-11 07:00:00,7,2,3,0.0,87.0,86.0,84.0
2026-03-11T08:00,87,28.9,23.0,31.8,59.0,2026-03-11 08:00:00,8,2,3,0.0,87.0,86.0,83.0
2026-03-11T09:00,86,29.0,23.4,28.1,73.0,2026-03-11 09:00:00,9,2,3,-1.0,87.0,86.0,84.0
2026-03-11T10:00,85,29.0,21.1,19.9,95.0,2026-03-11 10:00:00,10,2,3,-1.0,86.0,86.0,84.0
2026-03-11T11:00,84,29.7,18.9,13.5,111.0,2026-03-11 11:00:00,11,2,3,-1.0,85.0,86.0,85.0
2026-03-11T12:00,82,38.6,18.7,10.2,118.0,2026-03-11 12:00:00,12,2,3,-2.0,84.0,88.0,87.0
2026-03-11T13:00,80,93.8,34.0,8.6,119.0,2026-03-11 13:00:00,13,2,3,-2.0,82.0,89.0,89.0
2026-03-11T14:00,80,74.0,29.4,11.0,114.0,2026-03-11 14:00:00,14,2,3,0.0,80.0,91.0,89.0
2026-03-11T15:00,79,72.4,28.3,19.7,101.0,2026-03-11 15:00:00,15,2,3,-1.0,80.0,92.0,89.0
2026-03-11T16:00,78,75.9,28.7,32.4,83.0,2026-03-11 16:00:00,16,2,3,-1.0,79.0,93.0,90.0
2026-03-11T17:00,78,95.2,40.6,40.5,71.0,2026-03-11 17:00:00,17,2,3,0.0,78.0,94.0,90.0
2026-03-11T18:00,79,101.5,48.0,51.2,55.0,2026-03-11 18:00:00,18,2,3,1.0,78.0,94.0,91.0
2026-03-11T19:00,80,104.3,53.4,65.1,35.0,2026-03-11 19:00:00,19,2,3,1.0,79.0,93.0,89.0
2026-03-11T20:00,82,97.8,53.7,69.4,26.0,2026-03-11 20:00:00,20,2,3,2.0,80.0,90.0,89.0
2026-03-11T21:00,85,77.3,44.9,54.7,41.0,2026-03-11 21:00:00,21,2,3,3.0,82.0,89.0,89.0
2026-03-11T22:00,86,53.3,31.4,30.5,69.0,2026-03-11 22:00:00,22,2,3,1.0,85.0,89.0,91.0
2026-03-11T23:00,87,37.5,22.3,11.9,90.0,2026-03-11 23:00:00,23,2,3,1.0,86.0,88.0,95.0
2026-03-12T00:00,86,30.2,18.7,5.7,97.0,2026-03-12 00:00:00,0,3,3,-1.0,87.0,88.0,98.0
2026-03-12T01:00,85,27.3,17.2,5.1,97.0,2026-03-12 01:00:00,1,3,3,-1.0,86.0,88.0,101.0
2026-03-12T02:00,85,28.3,16.9,5.4,96.0,2026-03-12 02:00:00,2,3,3,0.0,85.0,88.0,104.0
2026-03-12T03:00,85,31.9,17.3,4.2,96.0,2026-03-12 03:00:00,3,3,3,0.0,85.0,87.0,105.0
2026-03-12T04:00,85,35.7,20.3,3.8,95.0,2026-03-12 04:00:00,4,3,3,0.0,85.0,87.0,107.0
2026-03-12T05:00,85,26.9,17.2,6.3,87.0,2026-03-12 05:00:00,5,3,3,0.0,85.0,86.0,107.0
2026-03-12T06:00,84,24.7,16.5,16.1,72.0,2026-03-12 06:00:00,6,3,3,-1.0,85.0,87.0,108.0
2026-03-12T07:00,84,28.1,20.4,29.2,51.0,2026-03-12 07:00:00,7,3,3,0.0,84.0,87.0,108.0
2026-03-12T08:00,83,34.7,26.3,36.1,45.0,2026-03-12 08:00:00,8,3,3,-1.0,84.0,87.0,108.0
2026-03-12T09:00,84,46.1,27.8,30.9,65.0,2026-03-12 09:00:00,9,3,3,1.0,83.0,86.0,108.0
2026-03-12T10:00,84,74.5,35.7,19.5,99.0,2026-03-12 10:00:00,10,3,3,0.0,84.0,85.0,108.0
2026-03-12T11:00,85,80.6,38.0,10.6,126.0,2026-03-12 11:00:00,11,3,3,1.0,84.0,84.0,106.0
2026-03-12T12:00,87,79.6,38.0,7.4,139.0,2026-03-12 12:00:00,12,3,3,2.0,85.0,82.0,103.0
2026-03-12T13:00,89,73.8,35.0,6.8,144.0,2026-03-12 13:00:00,13,3,3,2.0,87.0,80.0,100.0
2026-03-12T14:00,89,68.7,33.2,7.4,145.0,2026-03-12 14:00:00,14,3,3,0.0,89.0,80.0,98.0
2026-03-12T15:00,89,66.4,33.8,6.9,143.0,2026-03-12 15:00:00,15,3,3,0.0,89.0,79.0,96.0
2026-03-12T16:00,90,60.8,33.1,7.8,135.0,2026-03-12 16:00:00,16,3,3,1.0,89.0,78.0,94.0
2026-03-12T17:00,90,54.0,25.0,16.3,126.0,2026-03-12 17:00:00,17,3,3,0.0,90.0,78.0,92.0
2026-03-12T18:00,91,71.9,45.2,44.5,90.0,2026-03-12 18:00:00,18,3,3,1.0,90.0,79.0,90.0
2026-03-12T19:00,89,80.3,55.5,83.0,40.0,2026-03-12 19:00:00,19,3,3,-2.0,91.0,80.0,87.0
2026-03-12T20:00,89,84.3,61.5,108.7,3.0,2026-03-12 20:00:00,20,3,3,0.0,89.0,82.0,84.0
2026-03-12T21:00,89,89.4,69.2,110.1,0.0,2026-03-12 21:00:00,21,3,3,0.0,89.0,85.0,81.0
2026-03-12T22:00,91,81.0,67.5,98.6,0.0,2026-03-12 22:00:00,22,3,3,2.0,89.0,86.0,78.0
2026-03-12T23:00,95,71.0,61.5,85.9,2.0,2026-03-12 23:00:00,23,3,3,4.0,91.0,87.0,76.0
2026-03-13T00:00,98,60.1,51.7,75.4,10.0,2026-03-13 00:00:00,0,4,3,3.0,95.0,86.0,73.0
2026-03-13T01:00,101,49.4,41.4,63.6,22.0,2026-03-13 01:00:00,1,4,3,3.0,98.0,85.0,71.0
2026-03-13T02:00,104,40.7,33.6,51.2,33.0,2026-03-13 02:00:00,2,4,3,3.0,101.0,85.0,69.0
2026-03-13T03:00,105,35.0,29.3,36.3,45.0,2026-03-13 03:00:00,3,4,3,1.0,104.0,85.0,68.0
2026-03-13T04:00,107,31.1,25.5,20.9,57.0,2026-03-13 04:00:00,4,4,3,2.0,105.0,85.0,67.0
2026-03-13T05:00,107,27.9,21.9,7.9,68.0,2026-03-13 05:00:00,5,4,3,0.0,107.0,85.0,66.0
2026-03-13T06:00,108,25.2,20.2,14.4,58.0,2026-03-13 06:00:00,6,4,3,1.0,107.0,84.0,65.0
2026-03-13T07:00,108,25.8,21.2,23.1,44.0,2026-03-13 07:00:00,7,4,3,0.0,108.0,84.0,65.0
2026-03-13T08:00,108,27.2,24.7,27.6,41.0,2026-03-13 08:00:00,8,4,3,0.0,108.0,83.0,65.0
2026-03-13T09:00,108,26.7,23.2,24.0,58.0,2026-03-13 09:00:00,9,4,3,0.0,108.0,84.0,65.0
2026-03-13T10:00,108,27.8,18.2,16.3,86.0,2026-03-13 10:00:00,10,4,3,0.0,108.0,84.0,65.0
2026-03-13T11:00,106,25.8,13.2,10.0,108.0,2026-03-13 11:00:00,11,4,3,-2.0,108.0,85.0,65.0
2026-03-13T12:00,103,22.6,10.4,6.7,118.0,2026-03-13 12:00:00,12,4,3,-3.0,106.0,87.0,65.0
2026-03-13T13:00,100,21.4,10.0,4.8,121.0,2026-03-13 13:00:00,13,4,3,-3.0,103.0,89.0,65.0
2026-03-13T14:00,98,19.8,9.5,5.1,121.0,2026-03-13 14:00:00,14,4,3,-2.0,100.0,89.0,65.0
2026-03-13T15:00,96,18.6,9.1,6.3,119.0,2026-03-13 15:00:00,15,4,3,-2.0,98.0,89.0,65.0
2026-03-13T16:00,94,17.9,9.2,9.8,114.0,2026-03-13 16:00:00,16,4,3,-2.0,96.0,90.0,66.0
2026-03-13T17:00,92,8.7,8.1,19.8,100.0,2026-03-13 17:00:00,17,4,3,-2.0,94.0,90.0,66.0
2026-03-13T18:00,90,13.2,13.0,41.4,72.0,2026-03-13 18:00:00,18,4,3,-2.0,92.0,91.0,74.0
2026-03-13T19:00,87,20.4,20.3,71.0,32.0,2026-03-13 19:00:00,19,4,3,-3.0,90.0,89.0,74.0
2026-03-13T20:00,84,31.0,30.3,91.6,4.0,2026-03-13 20:00:00,20,4,3,-3.0,87.0,89.0,71.0
2026-03-13T21:00,81,36.2,35.5,95.6,0.0,2026-03-13 21:00:00,21,4,3,-3.0,84.0,89.0,73.0
2026-03-13T22:00,78,36.4,35.7,90.7,0.0,2026-03-13 22:00:00,22,4,3,-3.0,81.0,91.0,75.0
2026-03-13T23:00,76,32.9,32.2,82.7,5.0,2026-03-13 23:00:00,23,4,3,-2.0,78.0,95.0,77.0
2026-03-14T00:00,73,28.3,27.6,72.1,13.0,2026-03-14 00:00:00,0,5,3,-3.0,76.0,98.0,78.0
2026-03-14T01:00,71,24.0,23.5,58.3,24.0,2026-03-14 01:00:00,1,5,3,-2.0,73.0,101.0,79.0
2026-03-14T02:00,69,20.8,20.0,45.9,34.0,2026-03-14 02:00:00,2,5,3,-2.0,71.0,104.0,79.0
2026-03-14T03:00,68,18.3,17.4,35.0,42.0,2026-03-14 03:00:00,3,5,3,-1.0,69.0,105.0,79.0
2026-03-14T04:00,67,16.5,15.5,25.3,48.0,2026-03-14 04:00:00,4,5,3,-1.0,68.0,107.0,79.0
2026-03-14T05:00,66,16.1,14.4,18.4,50.0,2026-03-14 05:00:00,5,5,3,-1.0,67.0,107.0,79.0
2026-03-14T06:00,65,16.4,14.5,23.7,43.0,2026-03-14 06:00:00,6,5,3,-1.0,66.0,108.0,80.0
2026-03-14T07:00,65,20.3,18.2,30.7,33.0,2026-03-14 07:00:00,7,5,3,0.0,65.0,108.0,81.0
2026-03-14T08:00,65,25.1,22.8,34.0,34.0,2026-03-14 08:00:00,8,5,3,0.0,65.0,108.0,82.0
2026-03-14T09:00,65,27.8,25.0,30.2,53.0,2026-03-14 09:00:00,9,5,3,0.0,65.0,108.0,84.0
2026-03-14T10:00,65,23.7,16.8,22.8,83.0,2026-03-14 10:00:00,10,5,3,0.0,65.0,108.0,85.0
2026-03-14T11:00,65,20.7,13.0,16.5,108.0,2026-03-14 11:00:00,11,5,3,0.0,65.0,106.0,86.0
2026-03-14T12:00,65,20.0,12.4,12.1,126.0,2026-03-14 12:00:00,12,5,3,0.0,65.0,103.0,87.0
2026-03-14T13:00,65,20.3,13.0,8.8,140.0,2026-03-14 13:00:00,13,5,3,0.0,65.0,100.0,88.0
2026-03-14T14:00,65,20.0,13.3,9.0,145.0,2026-03-14 14:00:00,14,5,3,0.0,65.0,98.0,90.0
2026-03-14T15:00,65,19.4,13.6,13.0,140.0,2026-03-14 15:00:00,15,5,3,0.0,65.0,96.0,91.0
2026-03-14T16:00,66,19.2,13.9,20.5,126.0,2026-03-14 16:00:00,16,5,3,1.0,65.0,94.0,92.0
2026-03-14T17:00,66,18.2,15.2,30.9,109.0,2026-03-14 17:00:00,17,5,3,0.0,66.0,92.0,94.0
2026-03-14T18:00,74,32.2,29.9,55.9,79.0,2026-03-14 18:00:00,18,5,3,8.0,66.0,90.0,94.0
2026-03-14T19:00,74,50.3,48.5,90.1,39.0,2026-03-14 19:00:00,19,5,3,0.0,74.0,87.0,94.0
2026-03-14T20:00,71,57.3,55.5,113.1,9.0,2026-03-14 20:00:00,20,5,3,-3.0,74.0,84.0,92.0
2026-03-14T21:00,73,60.3,57.6,116.1,0.0,2026-03-14 21:00:00,21,5,3,2.0,71.0,81.0,89.0
2026-03-14T22:00,75,57.5,54.7,108.0,1.0,2026-03-14 22:00:00,22,5,3,2.0,73.0,78.0,86.0
2026-03-14T23:00,77,48.7,46.0,94.8,8.0,2026-03-14 23:00:00,23,5,3,2.0,75.0,76.0,83.0
2026-03-15T00:00,78,38.9,36.3,75.1,23.0,2026-03-15 00:00:00,0,6,3,1.0,77.0,73.0,81.0
2026-03-15T01:00,79,30.6,27.6,50.4,44.0,2026-03-15 01:00:00,1,6,3,1.0,78.0,71.0,80.0
2026-03-15T02:00,79,25.0,21.4,31.5,57.0,2026-03-15 02:00:00,2,6,3,0.0,79.0,69.0,80.0
2026-03-15T03:00,79,22.5,18.2,22.2,55.0,2026-03-15 03:00:00,3,6,3,0.0,79.0,68.0,80.0
2026-03-15T04:00,79,24.3,18.8,18.8,44.0,2026-03-15 04:00:00,4,6,3,0.0,79.0,67.0,80.0
2026-03-15T05:00,79,31.0,23.6,23.6,28.0,2026-03-15 05:00:00,5,6,3,0.0,79.0,66.0,80.0
2026-03-15T06:00,80,31.5,24.0,32.0,20.0,2026-03-15 06:00:00,6,6,3,1.0,79.0,65.0,80.0
2026-03-15T07:00,81,36.7,28.1,43.2,10.0,2026-03-15 07:00:00,7,6,3,1.0,80.0,65.0,79.0
2026-03-15T08:00,82,49.7,40.7,48.3,10.0,2026-03-15 08:00:00,8,6,3,1.0,81.0,65.0,79.0
2026-03-15T09:00,84,47.3,36.2,41.3,31.0,2026-03-15 09:00:00,9,6,3,2.0,82.0,65.0,77.0
2026-03-15T10:00,85,45.8,30.6,28.1,62.0,2026-03-15 10:00:00,10,6,3,1.0,84.0,65.0,76.0
2026-03-15T11:00,86,42.6,27.5,18.1,85.0,2026-03-15 11:00:00,11,6,3,1.0,85.0,65.0,75.0
2026-03-15T12:00,87,39.6,25.3,14.7,91.0,2026-03-15 12:00:00,12,6,3,1.0,86.0,65.0,75.0
2026-03-15T13:00,88,45.8,27.4,14.4,89.0,2026-03-15 13:00:00,13,6,3,1.0,87.0,65.0,74.0
2026-03-15T14:00,90,44.6,29.1,15.6,85.0,2026-03-15 14:00:00,14,6,3,2.0,88.0,65.0,73.0
2026-03-15T15:00,91,45.9,30.0,17.6,81.0,2026-03-15 15:00:00,15,6,3,1.0,90.0,65.0,71.0
2026-03-15T16:00,92,43.9,27.0,21.2,75.0,2026-03-15 16:00:00,16,6,3,1.0,91.0,66.0,70.0
2026-03-15T17:00,94,38.3,23.6,14.4,88.0,2026-03-15 17:00:00,17,6,3,2.0,92.0,66.0,69.0
2026-03-15T18:00,94,36.7,25.5,20.3,80.0,2026-03-15 18:00:00,18,6,3,0.0,94.0,74.0,69.0
2026-03-15T19:00,94,38.1,26.7,28.3,69.0,2026-03-15 19:00:00,19,6,3,0.0,94.0,74.0,70.0
2026-03-15T20:00,92,36.3,25.5,33.0,62.0,2026-03-15 20:00:00,20,6,3,-2.0,94.0,71.0,72.0
2026-03-15T21:00,89,31.1,22.6,31.6,62.0,2026-03-15 21:00:00,21,6,3,-3.0,92.0,73.0,76.0
2026-03-15T22:00,86,30.9,21.0,26.9,66.0,2026-03-15 22:00:00,22,6,3,-3.0,89.0,75.0,79.0
2026-03-15T23:00,83,33.4,22.4,22.6,69.0,2026-03-15 23:00:00,23,6,3,-3.0,86.0,77.0,83.0
2026-03-16T00:00,81,32.5,23.2,19.8,69.0,2026-03-16 00:00:00,0,0,3,-2.0,83.0,78.0,87.0
2026-03-16T01:00,80,33.1,24.0,17.3,68.0,2026-03-16 01:00:00,1,0,3,-1.0,81.0,79.0,91.0
2026-03-16T02:00,80,32.7,22.7,15.0,68.0,2026-03-16 02:00:00,2,0,3,0.0,80.0,79.0,93.0
2026-03-16T03:00,80,32.2,21.2,11.7,71.0,2026-03-16 03:00:00,3,0,3,0.0,80.0,79.0,95.0
2026-03-16T04:00,80,31.0,20.0,8.6,74.0,2026-03-16 04:00:00,4,0,3,0.0,80.0,79.0,97.0
2026-03-16T05:00,80,27.1,20.8,15.2,45.0,2026-03-16 05:00:00,5,0,3,0.0,80.0,79.0,98.0
2026-03-16T06:00,80,24.2,18.3,20.6,43.0,2026-03-16 06:00:00,6,0,3,0.0,80.0,80.0,99.0
2026-03-16T07:00,79,27.6,21.1,27.8,41.0,2026-03-16 07:00:00,7,0,3,-1.0,80.0,81.0,100.0
2026-03-16T08:00,79,31.5,24.3,30.5,46.0,2026-03-16 08:00:00,8,0,3,0.0,79.0,82.0,101.0
2026-03-16T09:00,77,42.3,25.7,24.5,66.0,2026-03-16 09:00:00,9,0,3,-2.0,79.0,84.0,102.0
2026-03-16T10:00,76,38.1,19.8,14.1,93.0,2026-03-16 10:00:00,10,0,3,-1.0,77.0,85.0,102.0
2026-03-16T11:00,75,33.8,17.5,6.3,113.0,2026-03-16 11:00:00,11,0,3,-1.0,76.0,86.0,102.0
2026-03-16T12:00,75,28.8,15.5,4.1,120.0,2026-03-16 12:00:00,12,0,3,0.0,75.0,87.0,102.0
2026-03-16T13:00,74,25.3,14.5,4.6,120.0,2026-03-16 13:00:00,13,0,3,-1.0,75.0,88.0,102.0
2026-03-16T14:00,73,25.1,14.9,5.8,118.0,2026-03-16 14:00:00,14,0,3,-1.0,74.0,90.0,102.0
2026-03-16T15:00,71,25.3,15.6,4.7,120.0,2026-03-16 15:00:00,15,0,3,-2.0,73.0,91.0,102.0
2026-03-16T16:00,70,26.2,16.5,4.3,120.0,2026-03-16 16:00:00,16,0,3,-1.0,71.0,92.0,102.0
2026-03-16T17:00,69,37.1,21.8,11.1,117.0,2026-03-16 17:00:00,17,0,3,-1.0,70.0,94.0,102.0
2026-03-16T18:00,69,51.1,37.0,39.1,84.0,2026-03-16 18:00:00,18,0,3,0.0,69.0,94.0,101.0
2026-03-16T19:00,70,69.4,55.6,77.4,38.0,2026-03-16 19:00:00,19,0,3,1.0,69.0,94.0,101.0
2026-03-16T20:00,72,76.1,62.2,103.8,4.0,2026-03-16 20:00:00,20,0,3,2.0,70.0,92.0,99.0
2026-03-16T21:00,76,77.1,62.9,107.8,0.0,2026-03-16 21:00:00,21,0,3,4.0,72.0,89.0,98.0
2026-03-16T22:00,79,80.8,67.1,100.0,0.0,2026-03-16 22:00:00,22,0,3,3.0,76.0,86.0,96.0
2026-03-16T23:00,83,78.2,68.2,89.8,3.0,2026-03-16 23:00:00,23,0,3,4.0,79.0,83.0,95.0
2026-03-17T00:00,87,68.5,60.8,79.6,8.0,2026-03-17 00:00:00,0,1,3,4.0,83.0,81.0,93.0
2026-03-17T01:00,91,58.4,51.6,67.1,16.0,2026-03-17 01:00:00,1,1,3,4.0,87.0,80.0,91.0
2026-03-17T02:00,93,50.6,44.1,54.2,24.0,2026-03-17 02:00:00,2,1,3,2.0,91.0,80.0,91.0
2026-03-17T03:00,95,45.1,39.2,39.5,35.0,2026-03-17 03:00:00,3,1,3,2.0,93.0,80.0,90.0
2026-03-17T04:00,97,40.4,35.0,24.6,46.0,2026-03-17 04:00:00,4,1,3,2.0,95.0,80.0,89.0
2026-03-17T05:00,98,38.8,34.0,24.4,44.0,2026-03-17 05:00:00,5,1,3,1.0,97.0,80.0,89.0
2026-03-17T06:00,99,33.5,29.8,28.2,42.0,2026-03-17 06:00:00,6,1,3,1.0,98.0,80.0,88.0
2026-03-17T07:00,100,32.0,29.0,33.2,41.0,2026-03-17 07:00:00,7,1,3,1.0,99.0,79.0,87.0
2026-03-17T08:00,101,31.7,28.5,34.6,46.0,2026-03-17 08:00:00,8,1,3,1.0,100.0,79.0,86.0
2026-03-17T09:00,102,31.2,27.8,29.1,64.0,2026-03-17 09:00:00,9,1,3,1.0,101.0,77.0,86.0
2026-03-17T10:00,102,28.2,19.0,20.1,90.0,2026-03-17 10:00:00,10,1,3,0.0,102.0,76.0,85.0
2026-03-17T11:00,102,26.7,17.0,13.0,110.0,2026-03-17 11:00:00,11,1,3,0.0,102.0,75.0,86.0
2026-03-17T12:00,102,27.0,17.1,8.7,123.0,2026-03-17 12:00:00,12,1,3,0.0,102.0,75.0,87.0
2026-03-17T13:00,102,27.0,16.8,6.3,131.0,2026-03-17 13:00:00,13,1,3,0.0,102.0,74.0,87.0
2026-03-17T14:00,102,26.2,15.9,8.6,131.0,2026-03-17 14:00:00,14,1,3,0.0,102.0,73.0,88.0
2026-03-17T15:00,102,25.6,15.1,17.0,120.0,2026-03-17 15:00:00,15,1,3,0.0,102.0,71.0,88.0
2026-03-17T16:00,102,25.5,14.9,30.0,100.0,2026-03-17 16:00:00,16,1,3,0.0,102.0,70.0,89.0
2026-03-17T17:00,102,20.1,15.1,44.2,81.0,2026-03-17 17:00:00,17,1,3,0.0,102.0,69.0,89.0
2026-03-17T18:00,101,34.7,30.5,62.8,57.0,2026-03-17 18:00:00,18,1,3,-1.0,102.0,69.0,90.0
2026-03-17T19:00,101,43.3,39.1,88.0,23.0,2026-03-17 19:00:00,19,1,3,0.0,101.0,70.0,89.0
2026-03-17T20:00,99,50.4,46.0,104.5,0.0,2026-03-17 20:00:00,20,1,3,-2.0,101.0,72.0,88.0
2026-03-17T21:00,98,55.2,50.6,104.0,0.0,2026-03-17 21:00:00,21,1,3,-1.0,99.0,76.0,86.0
2026-03-17T22:00,96,54.2,49.7,94.7,2.0,2026-03-17 22:00:00,22,1,3,-2.0,98.0,79.0,84.0
2026-03-17T23:00,95,50.5,46.2,85.9,7.0,2026-03-17 23:00:00,23,1,3,-1.0,96.0,83.0,82.0
2026-03-18T00:00,93,48.8,43.2,81.6,7.0,2026-03-18 00:00:00,0,2,3,-2.0,95.0,87.0,81.0
2026-03-18T01:00,91,48.5,41.4,77.9,7.0,2026-03-18 01:00:00,1,2,3,-2.0,93.0,91.0,79.0
2026-03-18T02:00,91,46.1,37.7,71.5,11.0,2026-03-18 02:00:00,2,2,3,0.0,91.0,93.0,78.0
2026-03-18T03:00,90,41.8,33.4,59.5,21.0,2026-03-18 03:00:00,3,2,3,-1.0,91.0,95.0,77.0
2026-03-18T04:00,89,36.3,29.5,45.0,34.0,2026-03-18 04:00:00,4,2,3,-1.0,90.0,97.0,76.0
2026-03-18T05:00,89,35.5,20.5,5.8,94.0,2026-03-18 05:00:00,5,2,3,0.0,89.0,98.0,76.0
2026-03-18T06:00,88,31.2,19.1,15.9,82.0,2026-03-18 06:00:00,6,2,3,-1.0,89.0,99.0,75.0
2026-03-18T07:00,87,32.2,20.7,29.8,66.0,2026-03-18 07:00:00,7,2,3,-1.0,88.0,100.0,75.0
2026-03-18T08:00,86,35.2,24.2,39.1,56.0,2026-03-18 08:00:00,8,2,3,-1.0,87.0,101.0,74.0
2026-03-18T09:00,86,37.6,25.3,39.8,59.0,2026-03-18 09:00:00,9,2,3,0.0,86.0,102.0,74.0
2026-03-18T10:00,85,38.0,26.1,36.0,68.0,2026-03-18 10:00:00,10,2,3,-1.0,86.0,102.0,74.0
2026-03-18T11:00,86,42.4,24.7,32.1,76.0,2026-03-18 11:00:00,11,2,3,1.0,85.0,102.0,74.0
2026-03-18T12:00,87,48.0,24.0,28.8,81.0,2026-03-18 12:00:00,12,2,3,1.0,86.0,102.0,74.0
2026-03-18T13:00,87,39.7,19.8,25.4,85.0,2026-03-18 13:00:00,13,2,3,0.0,87.0,102.0,74.0
2026-03-18T14:00,88,36.1,20.7,24.3,85.0,2026-03-18 14:00:00,14,2,3,1.0,87.0,102.0,75.0
2026-03-18T15:00,88,35.9,21.3,25.9,82.0,2026-03-18 15:00:00,15,2,3,0.0,88.0,102.0,76.0
2026-03-18T16:00,89,37.0,22.4,29.7,75.0,2026-03-18 16:00:00,16,2,3,1.0,88.0,102.0,76.0
2026-03-18T17:00,89,44.9,22.9,39.0,55.0,2026-03-18 17:00:00,17,2,3,0.0,89.0,102.0,77.0
2026-03-18T18:00,90,43.0,22.6,42.1,51.0,2026-03-18 18:00:00,18,2,3,1.0,89.0,101.0,77.0
2026-03-18T19:00,89,42.7,22.5,46.3,46.0,2026-03-18 19:00:00,19,2,3,-1.0,90.0,101.0,78.0
2026-03-18T20:00,88,54.0,27.6,48.6,43.0,2026-03-18 20:00:00,20,2,3,-1.0,89.0,99.0,79.0
2026-03-18T21:00,86,54.5,29.1,47.8,43.0,2026-03-18 21:00:00,21,2,3,-2.0,88.0,98.0,82.0
2026-03-18T22:00,84,49.0,28.3,45.2,45.0,2026-03-18 22:00:00,22,2,3,-2.0,86.0,96.0,85.0
2026-03-18T23:00,82,45.3,28.2,41.9,47.0,2026-03-18 23:00:00,23,2,3,-2.0,84.0,95.0,89.0
2026-03-19T00:00,81,42.5,27.6,37.7,48.0,2026-03-19 00:00:00,0,3,3,-1.0,82.0,93.0,93.0
2026-03-19T01:00,79,39.9,26.9,32.8,49.0,2026-03-19 01:00:00,1,3,3,-2.0,81.0,91.0,96.0
2026-03-19T02:00,78,38.4,26.5,28.4,50.0,2026-03-19 02:00:00,2,3,3,-1.0,79.0,91.0,99.0
2026-03-19T03:00,77,36.1,24.9,24.2,50.0,2026-03-19 03:00:00,3,3,3,-1.0,78.0,90.0,101.0
2026-03-19T04:00,76,34.7,23.5,20.5,49.0,2026-03-19 04:00:00,4,3,3,-1.0,77.0,89.0,103.0
2026-03-19T05:00,76,23.5,14.0,11.6,72.0,2026-03-19 05:00:00,5,3,3,0.0,76.0,89.0,105.0
2026-03-19T06:00,75,28.1,13.4,22.5,59.0,2026-03-19 06:00:00,6,3,3,-1.0,76.0,88.0,107.0
2026-03-19T07:00,75,34.9,17.5,37.0,42.0,2026-03-19 07:00:00,7,3,3,0.0,75.0,87.0,110.0
2026-03-19T08:00,74,40.4,22.4,44.5,35.0,2026-03-19 08:00:00,8,3,3,-1.0,75.0,86.0,113.0
2026-03-19T09:00,74,41.1,26.3,38.1,49.0,2026-03-19 09:00:00,9,3,3,0.0,74.0,86.0,115.0
2026-03-19T10:00,74,60.1,22.1,24.7,74.0,2026-03-19 10:00:00,10,3,3,0.0,74.0,85.0,115.0
2026-03-19T11:00,74,79.9,24.9,14.1,94.0,2026-03-19 11:00:00,11,3,3,0.0,74.0,86.0,115.0
2026-03-19T12:00,74,97.3,28.1,9.7,104.0,2026-03-19 12:00:00,12,3,3,0.0,74.0,87.0,114.0
2026-03-19T13:00,74,100.1,28.6,8.2,110.0,2026-03-19 13:00:00,13,3,3,0.0,74.0,87.0,114.0
2026-03-19T14:00,75,96.4,28.1,8.9,111.0,2026-03-19 14:00:00,14,3,3,1.0,74.0,88.0,113.0
2026-03-19T15:00,76,89.6,27.2,11.1,109.0,2026-03-19 15:00:00,15,3,3,1.0,75.0,88.0,112.0
2026-03-19T16:00,76,82.0,26.8,15.6,102.0,2026-03-19 16:00:00,16,3,3,0.0,76.0,89.0,112.0
2026-03-19T17:00,77,72.6,25.7,19.9,83.0,2026-03-19 17:00:00,17,3,3,1.0,76.0,89.0,112.0
2026-03-19T18:00,77,68.2,30.2,38.9,60.0,2026-03-19 18:00:00,18,3,3,0.0,77.0,90.0,111.0
2026-03-19T19:00,78,82.7,42.6,64.9,28.0,2026-03-19 19:00:00,19,3,3,1.0,77.0,89.0,112.0
2026-03-19T20:00,79,95.5,56.9,83.4,4.0,2026-03-19 20:00:00,20,3,3,1.0,78.0,88.0,113.0
2026-03-19T21:00,82,100.6,65.2,87.1,0.0,2026-03-19 21:00:00,21,3,3,3.0,79.0,86.0,114.0
2026-03-19T22:00,85,104.3,69.6,83.3,0.0,2026-03-19 22:00:00,22,3,3,3.0,82.0,84.0,113.0
2026-03-19T23:00,89,104.5,70.5,78.5,2.0,2026-03-19 23:00:00,23,3,3,4.0,85.0,82.0,111.0
2026-03-20T00:00,93,99.9,67.8,75.1,3.0,2026-03-20 00:00:00,0,4,3,4.0,89.0,81.0,109.0
2026-03-20T01:00,96,86.6,56.8,70.8,4.0,2026-03-20 01:00:00,1,4,3,3.0,93.0,79.0,107.0
2026-03-20T02:00,99,83.6,48.8,65.2,7.0,2026-03-20 02:00:00,2,4,3,3.0,96.0,78.0,106.0
2026-03-20T03:00,101,85.4,44.8,56.9,12.0,2026-03-20 03:00:00,3,4,3,2.0,99.0,77.0,105.0
2026-03-20T04:00,103,83.1,41.2,47.4,19.0,2026-03-20 04:00:00,4,4,3,2.0,101.0,76.0,104.0
2026-03-20T05:00,105,63.1,37.7,53.8,19.0,2026-03-20 05:00:00,5,4,3,2.0,103.0,76.0,104.0
2026-03-20T06:00,107,61.7,37.1,51.3,20.0,2026-03-20 06:00:00,6,4,3,2.0,105.0,75.0,104.0
2026-03-20T07:00,110,67.3,43.7,47.4,22.0,2026-03-20 07:00:00,7,4,3,3.0,107.0,75.0,103.0
2026-03-20T08:00,113,60.8,42.6,41.6,31.0,2026-03-20 08:00:00,8,4,3,3.0,110.0,74.0,102.0
2026-03-20T09:00,115,50.6,26.0,31.9,55.0,2026-03-20 09:00:00,9,4,3,2.0,113.0,74.0,100.0
2026-03-20T10:00,115,47.8,22.2,20.2,86.0,2026-03-20 10:00:00,10,4,3,0.0,115.0,74.0,100.0
2026-03-20T11:00,115,44.2,21.7,11.5,111.0,2026-03-20 11:00:00,11,4,3,0.0,115.0,74.0,101.0
2026-03-20T12:00,114,40.3,21.2,8.0,124.0,2026-03-20 12:00:00,12,4,3,-1.0,115.0,74.0,102.0
2026-03-20T13:00,114,38.8,22.2,7.5,130.0,2026-03-20 13:00:00,13,4,3,0.0,114.0,74.0,103.0
2026-03-20T14:00,113,38.5,23.5,7.8,134.0,2026-03-20 14:00:00,14,4,3,-1.0,114.0,75.0,103.0
2026-03-20T15:00,112,35.7,22.6,6.2,138.0,2026-03-20 15:00:00,15,4,3,-1.0,113.0,76.0,104.0
2026-03-20T16:00,112,34.2,22.4,5.5,140.0,2026-03-20 16:00:00,16,4,3,0.0,112.0,76.0,105.0
2026-03-20T17:00,112,40.4,24.4,10.8,134.0,2026-03-20 17:00:00,17,4,3,0.0,112.0,77.0,105.0
2026-03-20T18:00,111,51.7,37.7,38.3,97.0,2026-03-20 18:00:00,18,4,3,-1.0,112.0,77.0,106.0
2026-03-20T19:00,112,66.8,53.0,75.7,46.0,2026-03-20 19:00:00,19,4,3,1.0,111.0,78.0,107.0
2026-03-20T20:00,113,76.4,62.2,100.6,9.0,2026-03-20 20:00:00,20,4,3,1.0,112.0,79.0,107.0
2026-03-20T21:00,114,72.9,57.7,102.0,0.0,2026-03-20 21:00:00,21,4,3,1.0,113.0,82.0,107.0
2026-03-20T22:00,113,66.4,52.6,90.8,3.0,2026-03-20 22:00:00,22,4,3,-1.0,114.0,85.0,108.0
2026-03-20T23:00,111,62.9,49.6,77.1,11.0,2026-03-20 23:00:00,23,4,3,-2.0,113.0,89.0,109.0
2026-03-21T00:00,109,59.8,46.2,62.5,20.0,2026-03-21 00:00:00,0,5,3,-2.0,111.0,93.0,110.0
2026-03-21T01:00,107,59.5,45.3,45.3,32.0,2026-03-21 01:00:00,1,5,3,-2.0,109.0,96.0,111.0
2026-03-21T02:00,106,56.3,42.8,31.2,43.0,2026-03-21 02:00:00,2,5,3,-1.0,107.0,99.0,111.0
2026-03-21T03:00,105,50.1,38.9,21.4,53.0,2026-03-21 03:00:00,3,5,3,-1.0,106.0,101.0,111.0
2026-03-21T04:00,104,44.2,36.3,14.6,61.0,2026-03-21 04:00:00,4,5,3,-1.0,105.0,103.0,111.0
2026-03-21T05:00,104,40.6,36.2,15.6,49.0,2026-03-21 05:00:00,5,5,3,0.0,104.0,105.0,111.0
2026-03-21T06:00,104,34.6,30.4,21.3,43.0,2026-03-21 06:00:00,6,5,3,0.0,104.0,107.0,112.0
2026-03-21T07:00,103,32.6,28.8,28.9,35.0,2026-03-21 07:00:00,7,5,3,-1.0,104.0,110.0,112.0
2026-03-21T08:00,102,33.9,31.2,32.6,37.0,2026-03-21 08:00:00,8,5,3,-1.0,103.0,113.0,113.0
2026-03-21T09:00,100,35.7,27.6,28.9,57.0,2026-03-21 09:00:00,9,5,3,-2.0,102.0,115.0,113.0
2026-03-21T10:00,100,41.8,28.3,21.3,88.0,2026-03-21 10:00:00,10,5,3,0.0,100.0,115.0,114.0
2026-03-21T11:00,101,39.7,28.0,14.9,113.0,2026-03-21 11:00:00,11,5,3,1.0,100.0,115.0,114.0
2026-03-21T12:00,102,39.6,28.9,11.3,129.0,2026-03-21 12:00:00,12,5,3,1.0,101.0,114.0,114.0
2026-03-21T13:00,103,39.1,29.6,8.9,140.0,2026-03-21 13:00:00,13,5,3,1.0,102.0,114.0,113.0
2026-03-21T14:00,103,38.3,29.2,7.8,146.0,2026-03-21 14:00:00,14,5,3,0.0,103.0,113.0,112.0
2026-03-21T15:00,104,37.0,28.1,5.1,151.0,2026-03-21 15:00:00,15,5,3,1.0,103.0,112.0,111.0
2026-03-21T16:00,105,36.0,27.3,3.8,151.0,2026-03-21 16:00:00,16,5,3,1.0,104.0,112.0,111.0
2026-03-21T17:00,105,50.2,35.7,12.5,134.0,2026-03-21 17:00:00,17,5,3,0.0,105.0,112.0,110.0
2026-03-21T18:00,106,58.0,44.0,40.0,97.0,2026-03-21 18:00:00,18,5,3,1.0,105.0,111.0,107.0
2026-03-21T19:00,107,70.5,57.6,77.4,46.0,2026-03-21 19:00:00,19,5,3,1.0,106.0,112.0,106.0
2026-03-21T20:00,107,73.8,63.3,102.4,10.0,2026-03-21 20:00:00,20,5,3,0.0,107.0,113.0,103.0
2026-03-21T21:00,107,72.9,64.3,104.1,3.0,2026-03-21 21:00:00,21,5,3,0.0,107.0,114.0,102.0
2026-03-21T22:00,108,69.4,62.4,93.4,10.0,2026-03-21 22:00:00,22,5,3,1.0,107.0,113.0,101.0
2026-03-21T23:00,109,65.0,58.9,80.2,20.0,2026-03-21 23:00:00,23,5,3,1.0,108.0,111.0,100.0
2026-03-22T00:00,110,59.4,53.9,66.2,29.0,2026-03-22 00:00:00,0,6,3,1.0,109.0,109.0,100.0
2026-03-22T01:00,111,53.3,48.3,49.7,41.0,2026-03-22 01:00:00,1,6,3,1.0,110.0,107.0,100.0
2026-03-22T02:00,111,48.0,43.4,36.2,50.0,2026-03-22 02:00:00,2,6,3,0.0,111.0,106.0,100.0
2026-03-22T03:00,111,43.1,39.2,27.0,54.0,2026-03-22 03:00:00,3,6,3,0.0,111.0,105.0,99.0
2026-03-22T04:00,111,38.8,35.4,20.6,56.0,2026-03-22 04:00:00,4,6,3,0.0,111.0,104.0,99.0
2026-03-22T05:00,111,42.0,38.6,22.8,45.0,2026-03-22 05:00:00,5,6,3,0.0,111.0,104.0,99.0
2026-03-22T06:00,112,38.3,35.2,28.4,40.0,2026-03-22 06:00:00,6,6,3,1.0,111.0,104.0,98.0
2026-03-22T07:00,112,39.0,36.0,35.7,35.0,2026-03-22 07:00:00,7,6,3,0.0,112.0,103.0,97.0
2026-03-22T08:00,113,40.6,37.5,38.2,40.0,2026-03-22 08:00:00,8,6,3,1.0,112.0,102.0,96.0
2026-03-22T09:00,113,40.9,34.3,31.3,66.0,2026-03-22 09:00:00,9,6,3,0.0,113.0,100.0,96.0
2026-03-22T10:00,114,38.3,31.1,19.7,103.0,2026-03-22 10:00:00,10,6,3,1.0,113.0,100.0,95.0
2026-03-22T11:00,114,32.5,25.7,10.5,133.0,2026-03-22 11:00:00,11,6,3,0.0,114.0,101.0,93.0
2026-03-22T12:00,114,27.5,21.1,6.3,149.0,2026-03-22 12:00:00,12,6,3,0.0,114.0,102.0,92.0
2026-03-22T13:00,113,26.5,20.5,4.7,157.0,2026-03-22 13:00:00,13,6,3,-1.0,114.0,103.0,92.0
2026-03-22T14:00,112,25.9,20.3,5.4,158.0,2026-03-22 14:00:00,14,6,3,-1.0,113.0,103.0,91.0
2026-03-22T15:00,111,25.0,19.4,6.7,152.0,2026-03-22 15:00:00,15,6,3,-1.0,112.0,104.0,91.0
2026-03-22T16:00,111,24.4,18.7,10.3,139.0,2026-03-22 16:00:00,16,6,3,0.0,111.0,105.0,90.0
2026-03-22T17:00,110,16.4,14.6,11.9,138.0,2026-03-22 17:00:00,17,6,3,-1.0,111.0,105.0,94.0
2026-03-22T18:00,107,25.8,23.7,41.4,100.0,2026-03-22 18:00:00,18,6,3,-3.0,110.0,106.0,106.0
2026-03-22T19:00,106,40.0,37.4,81.8,48.0,2026-03-22 19:00:00,19,6,3,-1.0,107.0,107.0,106.0
2026-03-22T20:00,103,51.1,48.1,109.3,10.0,2026-03-22 20:00:00,20,6,3,-3.0,106.0,107.0,94.0
2026-03-22T21:00,102,57.2,53.8,112.8,0.0,2026-03-22 21:00:00,21,6,3,-1.0,103.0,107.0,85.0
2026-03-22T22:00,101,62.9,59.6,103.5,2.0,2026-03-22 22:00:00,22,6,3,-1.0,102.0,108.0,83.0
2026-03-22T23:00,100,62.9,60.3,91.2,9.0,2026-03-22 23:00:00,23,6,3,-1.0,101.0,109.0,79.0
2026-03-23T00:00,100,54.4,52.2,77.5,17.0,2026-03-23 00:00:00,0,0,3,0.0,100.0,110.0,76.0
2026-03-23T01:00,100,46.1,44.0,60.9,29.0,2026-03-23 01:00:00,1,0,3,0.0,100.0,111.0,73.0
2026-03-23T02:00,100,41.2,39.3,46.4,38.0,2026-03-23 02:00:00,2,0,3,0.0,100.0,111.0,71.0
2026-03-23T03:00,99,38.0,36.2,34.6,42.0,2026-03-23 03:00:00,3,0,3,-1.0,100.0,111.0,70.0
2026-03-23T04:00,99,34.5,32.9,24.9,44.0,2026-03-23 04:00:00,4,0,3,0.0,99.0,111.0,68.0
2026-03-23T05:00,99,29.8,28.0,15.4,56.0,2026-03-23 05:00:00,5,0,3,0.0,99.0,111.0,67.0
2026-03-23T06:00,98,27.2,25.4,22.8,49.0,2026-03-23 06:00:00,6,0,3,-1.0,99.0,112.0,66.0
2026-03-23T07:00,97,28.3,26.7,32.5,41.0,2026-03-23 07:00:00,7,0,3,-1.0,98.0,112.0,65.0
2026-03-23T08:00,96,30.0,28.3,36.9,45.0,2026-03-23 08:00:00,8,0,3,-1.0,97.0,113.0,64.0
2026-03-23T09:00,96,26.4,23.0,30.6,72.0,2026-03-23 09:00:00,9,0,3,0.0,96.0,113.0,64.0
2026-03-23T10:00,95,23.7,18.2,18.9,110.0,2026-03-23 10:00:00,10,0,3,-1.0,96.0,114.0,63.0
2026-03-23T11:00,93,21.7,15.0,9.7,139.0,2026-03-23 11:00:00,11,0,3,-2.0,95.0,114.0,63.0
2026-03-23T12:00,92,20.8,13.8,5.8,151.0,2026-03-23 12:00:00,12,0,3,-1.0,93.0,114.0,62.0
2026-03-23T13:00,92,19.8,13.3,4.4,155.0,2026-03-23 13:00:00,13,0,3,0.0,92.0,113.0,63.0
2026-03-23T14:00,91,19.8,13.6,5.4,153.0,2026-03-23 14:00:00,14,0,3,-1.0,92.0,112.0,63.0
2026-03-23T15:00,91,19.9,13.7,6.6,149.0,2026-03-23 15:00:00,15,0,3,0.0,91.0,111.0,62.0
2026-03-23T16:00,90,20.4,14.0,10.2,140.0,2026-03-23 16:00:00,16,0,3,-1.0,91.0,111.0,74.0
2026-03-23T17:00,94,15.1,11.7,16.9,129.0,2026-03-23 17:00:00,17,0,3,4.0,90.0,110.0,95.0
2026-03-23T18:00,106,23.7,21.1,25.6,110.0,2026-03-23 18:00:00,18,0,3,12.0,94.0,107.0,108.0
2026-03-23T19:00,106,24.1,21.0,37.3,84.0,2026-03-23 19:00:00,19,0,3,0.0,106.0,106.0,107.0
2026-03-23T20:00,94,25.0,21.4,44.8,64.0,2026-03-23 20:00:00,20,0,3,-12.0,106.0,103.0,91.0
2026-03-23T21:00,85,26.0,22.2,44.3,56.0,2026-03-23 21:00:00,21,0,3,-9.0,94.0,102.0,66.0
2026-03-23T22:00,83,26.6,22.8,39.6,55.0,2026-03-23 22:00:00,22,0,3,-2.0,85.0,101.0,65.0
2026-03-23T23:00,79,27.0,23.2,34.3,55.0,2026-03-23 23:00:00,23,0,3,-4.0,83.0,100.0,66.0
2026-03-24T00:00,76,26.2,22.9,29.2,55.0,2026-03-24 00:00:00,0,1,3,-3.0,79.0,100.0,68.0
2026-03-24T01:00,73,24.9,21.8,23.4,57.0,2026-03-24 01:00:00,1,1,3,-3.0,76.0,100.0,69.0
2026-03-24T02:00,71,23.5,20.4,18.5,59.0,2026-03-24 02:00:00,2,1,3,-2.0,73.0,100.0,70.0
2026-03-24T03:00,70,21.9,19.0,13.9,62.0,2026-03-24 03:00:00,3,1,3,-1.0,71.0,99.0,71.0
2026-03-24T04:00,68,20.3,17.8,10.2,65.0,2026-03-24 04:00:00,4,1,3,-2.0,70.0,99.0,72.0
2026-03-24T05:00,67,17.2,15.3,10.5,65.0,2026-03-24 05:00:00,5,1,3,-1.0,68.0,99.0,72.0
2026-03-24T06:00,66,17.2,15.5,17.7,55.0,2026-03-24 06:00:00,6,1,3,-1.0,67.0,98.0,73.0
2026-03-24T07:00,65,20.3,18.7,27.3,43.0,2026-03-24 07:00:00,7,1,3,-1.0,66.0,97.0,74.0
2026-03-24T08:00,64,23.3,21.7,32.0,44.0,2026-03-24 08:00:00,8,1,3,-1.0,65.0,96.0,74.0
2026-03-24T09:00,64,19.8,16.5,27.0,70.0,2026-03-24 09:00:00,9,1,3,0.0,64.0,96.0,74.0
2026-03-24T10:00,63,19.4,12.9,17.0,109.0,2026-03-24 10:00:00,10,1,3,-1.0,64.0,95.0,75.0
2026-03-24T11:00,63,21.8,14.3,9.0,139.0,2026-03-24 11:00:00,11,1,3,0.0,63.0,93.0,75.0
2026-03-24T12:00,62,22.2,14.8,5.3,152.0,2026-03-24 12:00:00,12,1,3,-1.0,63.0,92.0,75.0
2026-03-24T13:00,63,21.5,13.9,3.7,156.0,2026-03-24 13:00:00,13,1,3,1.0,62.0,92.0,75.0
2026-03-24T14:00,63,20.3,12.3,4.1,155.0,2026-03-24 14:00:00,14,1,3,0.0,63.0,91.0,75.0
2026-03-24T15:00,62,20.0,10.9,5.0,151.0,2026-03-24 15:00:00,15,1,3,-1.0,63.0,91.0,75.0
2026-03-24T16:00,74,20.1,10.7,8.0,142.0,2026-03-24 16:00:00,16,1,3,12.0,62.0,90.0,75.0
2026-03-24T17:00,95,24.0,14.8,18.8,132.0,2026-03-24 17:00:00,17,1,3,21.0,74.0,94.0,93.0
2026-03-24T18:00,108,28.5,21.1,36.6,104.0,2026-03-24 18:00:00,18,1,3,13.0,95.0,106.0,100.0
2026-03-24T19:00,107,33.6,26.5,61.2,65.0,2026-03-24 19:00:00,19,1,3,-1.0,108.0,106.0,93.0
2026-03-24T20:00,91,39.6,31.9,79.8,34.0,2026-03-24 20:00:00,20,1,3,-16.0,107.0,94.0,77.0
2026-03-24T21:00,66,44.1,36.1,87.9,19.0,2026-03-24 21:00:00,21,1,3,-25.0,91.0,85.0,79.0
2026-03-24T22:00,65,47.4,39.8,90.1,13.0,2026-03-24 22:00:00,22,1,3,-1.0,66.0,83.0,80.0
2026-03-24T23:00,66,47.0,40.4,86.9,12.0,2026-03-24 23:00:00,23,1,3,1.0,65.0,79.0,81.0
2026-03-25T00:00,68,43.0,37.0,76.3,18.0,2026-03-25 00:00:00,0,2,3,2.0,66.0,76.0,81.0
2026-03-25T01:00,69,39.0,33.9,60.4,29.0,2026-03-25 01:00:00,1,2,3,1.0,68.0,73.0,81.0
2026-03-25T02:00,70,34.8,30.7,46.3,39.0,2026-03-25 02:00:00,2,2,3,1.0,69.0,71.0,81.0
2026-03-25T03:00,71,30.9,27.2,35.4,47.0,2026-03-25 03:00:00,3,2,3,1.0,70.0,70.0,81.0
2026-03-25T04:00,72,27.4,23.7,26.2,53.0,2026-03-25 04:00:00,4,2,3,1.0,71.0,68.0,82.0
2026-03-25T05:00,72,27.8,23.8,23.7,50.0,2026-03-25 05:00:00,5,2,3,0.0,72.0,67.0,82.0
2026-03-25T06:00,73,24.6,20.6,28.2,43.0,2026-03-25 06:00:00,6,2,3,1.0,72.0,66.0,84.0
2026-03-25T07:00,74,25.0,21.2,34.2,36.0,2026-03-25 07:00:00,7,2,3,1.0,73.0,65.0,87.0
2026-03-25T08:00,74,28.2,24.7,36.2,40.0,2026-03-25 08:00:00,8,2,3,0.0,74.0,64.0,90.0
2026-03-25T09:00,74,30.3,23.6,30.6,68.0,2026-03-25 09:00:00,9,2,3,0.0,74.0,64.0,92.0
2026-03-25T10:00,75,27.1,15.4,21.2,108.0,2026-03-25 10:00:00,10,2,3,1.0,74.0,63.0,94.0
2026-03-25T11:00,75,27.4,14.3,13.5,139.0,2026-03-25 11:00:00,11,2,3,0.0,75.0,63.0,95.0
2026-03-25T12:00,75,28.0,14.1,9.0,153.0,2026-03-25 12:00:00,12,2,3,0.0,75.0,62.0,95.0
2026-03-25T13:00,75,28.1,13.9,6.4,159.0,2026-03-25 13:00:00,13,2,3,0.0,75.0,63.0,96.0
2026-03-25T14:00,75,27.4,13.7,6.8,157.0,2026-03-25 14:00:00,14,2,3,0.0,75.0,63.0,96.0
2026-03-25T15:00,75,26.3,13.8,11.2,148.0,2026-03-25 15:00:00,15,2,3,0.0,75.0,62.0,97.0
2026-03-25T16:00,75,26.4,15.0,18.7,131.0,2026-03-25 16:00:00,16,2,3,0.0,75.0,74.0,97.0
2026-03-25T17:00,93,23.1,17.6,24.6,103.0,2026-03-25 17:00:00,17,2,3,18.0,75.0,95.0,97.0
2026-03-25T18:00,100,29.2,23.5,48.6,73.0,2026-03-25 18:00:00,18,2,3,7.0,93.0,108.0,97.0
2026-03-25T19:00,93,44.8,38.8,81.3,32.0,2026-03-25 19:00:00,19,2,3,-7.0,100.0,107.0,98.0
2026-03-25T20:00,77,58.7,52.4,102.2,4.0,2026-03-25 20:00:00,20,2,3,-16.0,93.0,91.0,98.0
2026-03-25T21:00,79,58.3,50.8,101.4,0.0,2026-03-25 21:00:00,21,2,3,2.0,77.0,66.0,98.0
2026-03-25T22:00,80,51.1,43.8,88.8,5.0,2026-03-25 22:00:00,22,2,3,1.0,79.0,65.0,98.0
2026-03-25T23:00,81,50.6,42.1,73.9,17.0,2026-03-25 23:00:00,23,2,3,1.0,80.0,66.0,99.0
2026-03-26T00:00,81,46.9,40.6,57.5,34.0,2026-03-26 00:00:00,0,3,3,0.0,81.0,68.0,100.0
2026-03-26T01:00,81,40.7,35.5,38.8,56.0,2026-03-26 01:00:00,1,3,3,0.0,81.0,69.0,102.0
2026-03-26T02:00,81,36.1,31.7,24.4,71.0,2026-03-26 02:00:00,2,3,3,0.0,81.0,70.0,104.0
2026-03-26T03:00,81,33.5,29.7,16.9,76.0,2026-03-26 03:00:00,3,3,3,0.0,81.0,71.0,106.0
2026-03-26T04:00,82,31.5,28.2,13.7,75.0,2026-03-26 04:00:00,4,3,3,1.0,81.0,72.0,108.0
2026-03-26T05:00,82,59.6,51.2,61.8,5.0,2026-03-26 05:00:00,5,3,3,0.0,82.0,72.0,110.0
2026-03-26T06:00,84,59.3,51.1,59.0,7.0,2026-03-26 06:00:00,6,3,3,2.0,82.0,73.0,108.0
2026-03-26T07:00,87,59.8,52.4,54.6,12.0,2026-03-26 07:00:00,7,3,3,3.0,84.0,74.0,107.0
2026-03-26T08:00,90,60.8,53.8,47.5,26.0,2026-03-26 08:00:00,8,3,3,3.0,87.0,74.0,105.0
2026-03-26T09:00,92,55.2,43.1,34.8,57.0,2026-03-26 09:00:00,9,3,3,2.0,90.0,74.0,104.0
2026-03-26T10:00,94,39.9,22.7,19.3,97.0,2026-03-26 10:00:00,10,3,3,2.0,92.0,75.0,102.0
2026-03-26T11:00,95,35.0,18.2,8.2,127.0,2026-03-26 11:00:00,11,3,3,1.0,94.0,75.0,103.0
2026-03-26T12:00,95,33.4,18.2,5.0,138.0,2026-03-26 12:00:00,12,3,3,0.0,95.0,75.0,104.0
2026-03-26T13:00,96,34.1,19.1,6.2,140.0,2026-03-26 13:00:00,13,3,3,1.0,95.0,75.0,104.0
2026-03-26T14:00,96,34.6,19.7,8.2,138.0,2026-03-26 14:00:00,14,3,3,0.0,96.0,75.0,104.0
2026-03-26T15:00,97,33.4,19.5,6.7,139.0,2026-03-26 15:00:00,15,3,3,1.0,96.0,75.0,104.0
2026-03-26T16:00,97,32.9,19.3,6.0,137.0,2026-03-26 16:00:00,16,3,3,0.0,97.0,75.0,104.0
2026-03-26T17:00,97,24.3,17.9,21.2,116.0,2026-03-26 17:00:00,17,3,3,0.0,97.0,93.0,111.0
2026-03-26T18:00,97,33.8,27.8,46.6,84.0,2026-03-26 18:00:00,18,3,3,0.0,97.0,100.0,130.0
2026-03-26T19:00,98,45.4,39.1,81.4,41.0,2026-03-26 19:00:00,19,3,3,1.0,97.0,93.0,131.0
2026-03-26T20:00,98,55.4,48.7,105.8,9.0,2026-03-26 20:00:00,20,3,3,0.0,98.0,77.0,114.0
2026-03-26T21:00,98,61.2,54.4,110.3,0.0,2026-03-26 21:00:00,21,3,3,0.0,98.0,79.0,101.0
2026-03-26T22:00,98,63.6,56.9,104.4,1.0,2026-03-26 22:00:00,22,3,3,0.0,98.0,80.0,100.0
2026-03-26T23:00,99,63.6,57.4,96.7,5.0,2026-03-26 23:00:00,23,3,3,1.0,98.0,81.0,100.0
2026-03-27T00:00,100,61.5,55.9,89.7,8.0,2026-03-27 00:00:00,0,4,3,1.0,99.0,81.0,100.0
2026-03-27T01:00,102,58.9,53.7,80.8,12.0,2026-03-27 01:00:00,1,4,3,2.0,100.0,81.0,99.0
2026-03-27T02:00,104,55.5,50.6,71.0,17.0,2026-03-27 02:00:00,2,4,3,2.0,102.0,81.0,98.0
2026-03-27T03:00,106,52.5,47.8,59.0,23.0,2026-03-27 03:00:00,3,4,3,2.0,104.0,81.0,96.0
2026-03-27T04:00,108,49.2,45.1,46.1,30.0,2026-03-27 04:00:00,4,4,3,2.0,106.0,82.0,95.0
2026-03-27T05:00,110,44.0,40.0,38.6,29.0,2026-03-27 05:00:00,5,4,3,2.0,108.0,82.0,93.0
2026-03-27T06:00,108,40.0,36.3,39.6,28.0,2026-03-27 06:00:00,6,4,3,-2.0,110.0,84.0,92.0
2026-03-27T07:00,107,40.0,36.6,40.5,29.0,2026-03-27 07:00:00,7,4,3,-1.0,108.0,87.0,92.0
2026-03-27T08:00,105,41.7,38.0,38.6,39.0,2026-03-27 08:00:00,8,4,3,-2.0,107.0,90.0,91.0
2026-03-27T09:00,104,41.2,32.2,31.1,69.0,2026-03-27 09:00:00,9,4,3,-1.0,105.0,92.0,91.0
2026-03-27T10:00,102,40.4,29.6,20.8,108.0,2026-03-27 10:00:00,10,4,3,-2.0,104.0,94.0,90.0
2026-03-27T11:00,103,36.7,25.7,12.6,140.0,2026-03-27 11:00:00,11,4,3,1.0,102.0,95.0,89.0
2026-03-27T12:00,104,31.9,21.0,8.4,157.0,2026-03-27 12:00:00,12,4,3,1.0,103.0,95.0,87.0
2026-03-27T13:00,104,29.9,19.2,6.3,166.0,2026-03-27 13:00:00,13,4,3,0.0,104.0,96.0,86.0
2026-03-27T14:00,104,27.8,17.6,5.9,170.0,2026-03-27 14:00:00,14,4,3,0.0,104.0,96.0,85.0
2026-03-27T15:00,104,26.9,16.9,4.0,171.0,2026-03-27 15:00:00,15,4,3,0.0,104.0,97.0,85.0
2026-03-27T16:00,104,26.1,16.7,3.8,167.0,2026-03-27 16:00:00,16,4,3,0.0,104.0,97.0,84.0
2026-03-27T17:00,111,11.2,11.2,13.5,158.0,2026-03-27 17:00:00,17,4,3,7.0,104.0,97.0,84.0
2026-03-27T18:00,130,19.1,19.1,45.3,116.0,2026-03-27 18:00:00,18,4,3,19.0,111.0,97.0,84.0
2026-03-27T19:00,131,33.4,33.4,88.7,57.0,2026-03-27 19:00:00,19,4,3,1.0,130.0,98.0,85.0
2026-03-27T20:00,114,41.7,41.7,118.1,14.0,2026-03-27 20:00:00,20,4,3,-17.0,131.0,98.0,84.0
2026-03-27T21:00,101,48.4,48.4,120.6,1.0,2026-03-27 21:00:00,21,4,3,-13.0,114.0,98.0,82.0
2026-03-27T22:00,100,54.9,54.9,109.2,3.0,2026-03-27 22:00:00,22,4,3,-1.0,101.0,98.0,80.0
2026-03-27T23:00,100,55.4,55.3,96.8,7.0,2026-03-27 23:00:00,23,4,3,0.0,100.0,99.0,77.0
2026-03-28T00:00,100,46.9,46.8,87.7,8.0,2026-03-28 00:00:00,0,5,3,0.0,100.0,100.0,75.0
2026-03-28T01:00,99,40.0,39.9,77.7,11.0,2026-03-28 01:00:00,1,5,3,-1.0,100.0,102.0,73.0
2026-03-28T02:00,98,35.6,35.5,67.4,14.0,2026-03-28 02:00:00,2,5,3,-1.0,99.0,104.0,72.0
2026-03-28T03:00,96,31.5,31.4,55.0,18.0,2026-03-28 03:00:00,3,5,3,-2.0,98.0,106.0,71.0
2026-03-28T04:00,95,28.0,27.9,42.2,22.0,2026-03-28 04:00:00,4,5,3,-1.0,96.0,108.0,70.0
2026-03-28T05:00,93,31.7,31.7,36.1,27.0,2026-03-28 05:00:00,5,5,3,-2.0,95.0,110.0,69.0
2026-03-28T06:00,92,29.3,29.2,40.0,28.0,2026-03-28 06:00:00,6,5,3,-1.0,93.0,108.0,69.0
2026-03-28T07:00,92,30.9,30.7,45.0,30.0,2026-03-28 07:00:00,7,5,3,0.0,92.0,107.0,69.0
2026-03-28T08:00,91,32.1,32.0,45.6,40.0,2026-03-28 08:00:00,8,5,3,-1.0,92.0,105.0,69.0
2026-03-28T09:00,91,21.9,21.7,37.7,63.0,2026-03-28 09:00:00,9,5,3,0.0,91.0,104.0,69.0
2026-03-28T10:00,90,15.4,15.0,25.3,94.0,2026-03-28 10:00:00,10,5,3,-1.0,91.0,102.0,69.0
2026-03-28T11:00,89,10.2,9.6,15.3,120.0,2026-03-28 11:00:00,11,5,3,-1.0,90.0,103.0,69.0
2026-03-28T12:00,87,10.4,9.4,9.6,138.0,2026-03-28 12:00:00,12,5,3,-2.0,89.0,104.0,69.0
2026-03-28T13:00,86,11.3,9.6,6.2,151.0,2026-03-28 13:00:00,13,5,3,-1.0,87.0,104.0,69.0
2026-03-28T14:00,85,12.5,10.4,6.2,155.0,2026-03-28 14:00:00,14,5,3,-1.0,86.0,104.0,69.0
2026-03-28T15:00,85,13.1,10.6,10.5,147.0,2026-03-28 15:00:00,15,5,3,0.0,85.0,104.0,69.0
2026-03-28T16:00,84,13.6,10.9,18.0,131.0,2026-03-28 16:00:00,16,5,3,-1.0,85.0,104.0,69.0
2026-03-28T17:00,84,26.6,18.6,60.7,68.0,2026-03-28 17:00:00,17,5,3,0.0,84.0,111.0,69.0
2026-03-28T18:00,84,34.3,26.0,56.8,71.0,2026-03-28 18:00:00,18,5,3,0.0,84.0,130.0,79.0
2026-03-28T19:00,85,31.7,26.0,51.3,74.0,2026-03-28 19:00:00,19,5,3,1.0,84.0,131.0,74.0
2026-03-28T20:00,84,27.4,22.6,47.1,75.0,2026-03-28 20:00:00,20,5,3,-1.0,85.0,114.0,70.0
2026-03-28T21:00,82,25.4,21.5,46.4,69.0,2026-03-28 21:00:00,21,5,3,-2.0,84.0,101.0,72.0
2026-03-28T22:00,80,27.9,24.3,46.8,60.0,2026-03-28 22:00:00,22,5,3,-2.0,82.0,100.0,73.0
2026-03-28T23:00,77,33.5,28.5,44.3,56.0,2026-03-28 23:00:00,23,5,3,-3.0,80.0,100.0,74.0
2026-03-29T00:00,75,31.0,27.2,35.5,63.0,2026-03-29 00:00:00,0,6,3,-2.0,77.0,100.0,75.0
2026-03-29T01:00,73,27.6,23.5,23.8,77.0,2026-03-29 01:00:00,1,6,3,-2.0,75.0,99.0,75.0
2026-03-29T02:00,72,27.9,22.2,14.6,88.0,2026-03-29 02:00:00,2,6,3,-1.0,73.0,98.0,76.0
2026-03-29T03:00,71,27.8,22.4,9.7,96.0,2026-03-29 03:00:00,3,6,3,-1.0,72.0,96.0,77.0
2026-03-29T04:00,70,25.5,21.4,7.3,101.0,2026-03-29 04:00:00,4,6,3,-1.0,71.0,95.0,78.0
2026-03-29T05:00,69,28.6,25.5,20.3,63.0,2026-03-29 05:00:00,5,6,3,-1.0,70.0,93.0,78.0
2026-03-29T06:00,69,30.5,27.5,27.9,52.0,2026-03-29 06:00:00,6,6,3,0.0,69.0,92.0,77.0
2026-03-29T07:00,69,35.9,33.1,37.9,39.0,2026-03-29 07:00:00,7,6,3,0.0,69.0,92.0,75.0
2026-03-29T08:00,69,38.1,35.9,41.5,39.0,2026-03-29 08:00:00,8,6,3,0.0,69.0,91.0,73.0
2026-03-29T09:00,69,25.1,23.1,32.4,65.0,2026-03-29 09:00:00,9,6,3,0.0,69.0,91.0,72.0
2026-03-29T10:00,69,18.0,13.7,17.0,105.0,2026-03-29 10:00:00,10,6,3,0.0,69.0,90.0,71.0
2026-03-29T11:00,69,17.4,11.1,5.4,133.0,2026-03-29 11:00:00,11,6,3,0.0,69.0,89.0,71.0
2026-03-29T12:00,69,18.1,10.0,2.1,139.0,2026-03-29 12:00:00,12,6,3,0.0,69.0,87.0,72.0
2026-03-29T13:00,69,20.5,9.6,2.5,133.0,2026-03-29 13:00:00,13,6,3,0.0,69.0,86.0,74.0
2026-03-29T14:00,69,24.7,10.2,3.9,127.0,2026-03-29 14:00:00,14,6,3,0.0,69.0,85.0,76.0
2026-03-29T15:00,69,28.6,10.6,2.5,126.0,2026-03-29 15:00:00,15,6,3,0.0,69.0,85.0,79.0
2026-03-29T16:00,69,29.5,10.7,2.0,125.0,2026-03-29 16:00:00,16,6,3,0.0,69.0,84.0,81.0
2026-03-29T17:00,69,20.6,11.1,11.1,113.0,2026-03-29 17:00:00,17,6,3,0.0,69.0,84.0,83.0
2026-03-29T18:00,79,30.5,22.2,37.9,79.0,2026-03-29 18:00:00,18,6,3,10.0,69.0,84.0,85.0
2026-03-29T19:00,74,49.8,41.2,74.4,33.0,2026-03-29 19:00:00,19,6,3,-5.0,79.0,85.0,86.0
2026-03-29T20:00,70,53.1,45.5,97.8,3.0,2026-03-29 20:00:00,20,6,3,-4.0,74.0,84.0,85.0
2026-03-29T21:00,72,47.0,40.3,95.8,4.0,2026-03-29 21:00:00,21,6,3,2.0,70.0,82.0,84.0
2026-03-29T22:00,73,42.5,36.0,80.8,20.0,2026-03-29 22:00:00,22,6,3,1.0,72.0,80.0,83.0
2026-03-29T23:00,74,39.7,33.3,67.1,34.0,2026-03-29 23:00:00,23,6,3,1.0,73.0,77.0,82.0
2026-03-30T00:00,75,38.2,31.8,60.5,37.0,2026-03-30 00:00:00,0,0,3,1.0,74.0,75.0,82.0
2026-03-30T01:00,75,41.9,34.5,55.1,37.0,2026-03-30 01:00:00,1,0,3,0.0,75.0,73.0,81.0
2026-03-30T02:00,76,44.4,34.5,47.9,40.0,2026-03-30 02:00:00,2,0,3,1.0,75.0,72.0,80.0
2026-03-30T03:00,77,36.8,27.8,34.4,51.0,2026-03-30 03:00:00,3,0,3,1.0,76.0,71.0,79.0
2026-03-30T04:00,78,28.5,21.3,19.1,65.0,2026-03-30 04:00:00,4,0,3,1.0,77.0,70.0,78.0
2026-03-30T05:00,78,19.7,14.8,9.8,74.0,2026-03-30 05:00:00,5,0,3,0.0,78.0,69.0,78.0
2026-03-30T06:00,77,14.2,11.6,15.8,67.0,2026-03-30 06:00:00,6,0,3,-1.0,78.0,69.0,78.0
2026-03-30T07:00,75,13.6,11.9,23.7,58.0,2026-03-30 07:00:00,7,0,3,-2.0,77.0,69.0,78.0
2026-03-30T08:00,73,15.5,14.0,27.1,58.0,2026-03-30 08:00:00,8,0,3,-2.0,75.0,69.0,79.0
2026-03-30T09:00,72,17.6,14.3,21.4,76.0,2026-03-30 09:00:00,9,0,3,-1.0,73.0,69.0,79.0
2026-03-30T10:00,71,31.9,12.1,11.3,103.0,2026-03-30 10:00:00,10,0,3,-1.0,72.0,69.0,80.0
2026-03-30T11:00,71,118.3,24.5,4.1,123.0,2026-03-30 11:00:00,11,0,3,0.0,71.0,69.0,80.0
2026-03-30T12:00,72,169.0,35.6,2.7,130.0,2026-03-30 12:00:00,12,0,3,1.0,71.0,69.0,80.0
2026-03-30T13:00,74,162.5,36.3,4.3,130.0,2026-03-30 13:00:00,13,0,3,2.0,72.0,69.0,78.0
2026-03-30T14:00,76,142.0,36.7,8.0,125.0,2026-03-30 14:00:00,14,0,3,2.0,74.0,69.0,77.0
2026-03-30T15:00,79,128.1,34.7,15.6,111.0,2026-03-30 15:00:00,15,0,3,3.0,76.0,69.0,76.0
2026-03-30T16:00,81,109.7,33.5,25.4,91.0,2026-03-30 16:00:00,16,0,3,2.0,79.0,69.0,74.0
2026-03-30T17:00,83,114.6,30.4,19.3,93.0,2026-03-30 17:00:00,17,0,3,2.0,81.0,69.0,73.0
2026-03-30T18:00,85,96.4,32.0,32.2,74.0,2026-03-30 18:00:00,18,0,3,2.0,83.0,79.0,80.0
2026-03-30T19:00,86,86.1,33.9,49.3,48.0,2026-03-30 19:00:00,19,0,3,1.0,85.0,74.0,76.0
2026-03-30T20:00,85,83.1,34.7,57.5,35.0,2026-03-30 20:00:00,20,0,3,-1.0,86.0,70.0,73.0
2026-03-30T21:00,84,74.7,30.7,47.9,46.0,2026-03-30 21:00:00,21,0,3,-1.0,85.0,72.0,74.0
2026-03-30T22:00,83,71.2,26.7,29.4,70.0,2026-03-30 22:00:00,22,0,3,-1.0,84.0,73.0,75.0
2026-03-30T23:00,82,73.3,25.7,15.2,86.0,2026-03-30 23:00:00,23,0,3,-1.0,83.0,74.0,76.0
2026-03-31T00:00,82,64.3,23.6,10.8,86.0,2026-03-31 00:00:00,0,1,3,0.0,82.0,75.0,77.0
2026-03-31T01:00,81,56.0,22.1,10.7,80.0,2026-03-31 01:00:00,1,1,3,-1.0,82.0,75.0,77.0
2026-03-31T02:00,80,53.8,21.1,11.2,72.0,2026-03-31 02:00:00,2,1,3,-1.0,81.0,76.0,77.0
2026-03-31T03:00,79,57.5,21.6,10.6,65.0,2026-03-31 03:00:00,3,1,3,-1.0,80.0,77.0,77.0
2026-03-31T04:00,78,61.2,22.1,10.5,58.0,2026-03-31 04:00:00,4,1,3,-1.0,79.0,78.0,76.0
2026-03-31T05:00,78,29.1,16.6,14.3,43.0,2026-03-31 05:00:00,5,1,3,0.0,78.0,78.0,76.0
2026-03-31T06:00,78,21.2,14.6,19.3,35.0,2026-03-31 06:00:00,6,1,3,0.0,78.0,77.0,76.0
2026-03-31T07:00,78,19.8,16.5,26.0,25.0,2026-03-31 07:00:00,7,1,3,0.0,78.0,75.0,77.0
2026-03-31T08:00,79,22.2,18.9,28.9,27.0,2026-03-31 08:00:00,8,1,3,1.0,78.0,73.0,78.0
2026-03-31T09:00,79,24.4,16.9,24.6,51.0,2026-03-31 09:00:00,9,1,3,0.0,79.0,72.0,79.0
2026-03-31T10:00,80,37.3,16.4,16.6,87.0,2026-03-31 10:00:00,10,1,3,1.0,79.0,71.0,80.0
2026-03-31T11:00,80,60.8,21.1,10.2,116.0,2026-03-31 11:00:00,11,1,3,0.0,80.0,71.0,81.0
2026-03-31T12:00,80,65.4,22.5,7.1,131.0,2026-03-31 12:00:00,12,1,3,0.0,80.0,72.0,82.0
2026-03-31T13:00,78,61.5,21.7,5.6,140.0,2026-03-31 13:00:00,13,1,3,-2.0,80.0,74.0,82.0
2026-03-31T14:00,77,57.2,20.6,5.7,144.0,2026-03-31 14:00:00,14,1,3,-1.0,78.0,76.0,83.0
2026-03-31T15:00,76,54.1,19.9,5.0,146.0,2026-03-31 15:00:00,15,1,3,-1.0,77.0,79.0,84.0
2026-03-31T16:00,74,52.7,19.7,5.8,143.0,2026-03-31 16:00:00,16,1,3,-2.0,76.0,81.0,84.0
2026-03-31T17:00,73,46.8,19.0,21.2,97.0,2026-03-31 17:00:00,17,1,3,-1.0,74.0,83.0,92.0
2026-03-31T18:00,80,58.0,29.0,42.8,69.0,2026-03-31 18:00:00,18,1,3,7.0,73.0,85.0,104.0
2026-03-31T19:00,76,72.2,42.0,72.1,32.0,2026-03-31 19:00:00,19,1,3,-4.0,80.0,86.0,101.0
2026-03-31T20:00,73,76.4,47.3,91.3,5.0,2026-03-31 20:00:00,20,1,3,-3.0,76.0,85.0,86.0
2026-03-31T21:00,74,66.8,43.8,92.0,0.0,2026-03-31 21:00:00,21,1,3,1.0,73.0,84.0,88.0
2026-03-31T22:00,75,56.6,37.7,82.5,5.0,2026-03-31 22:00:00,22,1,3,1.0,74.0,83.0,89.0
2026-03-31T23:00,76,48.5,32.4,69.5,15.0,2026-03-31 23:00:00,23,1,3,1.0,75.0,82.0,92.0
2026-04-01T00:00,77,42.0,27.0,52.5,30.0,2026-04-01 00:00:00,0,2,4,1.0,76.0,82.0,94.0
2026-04-01T01:00,77,36.1,21.8,31.9,49.0,2026-04-01 01:00:00,1,2,4,0.0,77.0,81.0,97.0
2026-04-01T02:00,77,32.5,18.7,16.1,63.0,2026-04-01 02:00:00,2,2,4,0.0,77.0,80.0,99.0
2026-04-01T03:00,77,30.3,17.6,8.3,69.0,2026-04-01 03:00:00,3,2,4,0.0,77.0,79.0,101.0
2026-04-01T04:00,76,28.3,17.5,5.2,71.0,2026-04-01 04:00:00,4,2,4,-1.0,77.0,78.0,104.0
2026-04-01T05:00,76,35.5,23.5,8.6,58.0,2026-04-01 05:00:00,5,2,4,0.0,76.0,78.0,106.0
2026-04-01T06:00,76,38.0,23.3,16.0,51.0,2026-04-01 06:00:00,6,2,4,0.0,76.0,78.0,106.0
2026-04-01T07:00,77,41.6,25.6,25.7,43.0,2026-04-01 07:00:00,7,2,4,1.0,76.0,78.0,106.0
2026-04-01T08:00,78,46.2,27.6,30.4,46.0,2026-04-01 08:00:00,8,2,4,1.0,77.0,79.0,106.0
2026-04-01T09:00,79,75.0,27.4,24.9,72.0,2026-04-01 09:00:00,9,2,4,1.0,78.0,79.0,107.0
2026-04-01T10:00,80,92.2,29.9,14.3,109.0,2026-04-01 10:00:00,10,2,4,1.0,79.0,80.0,106.0
2026-04-01T11:00,81,94.3,31.2,6.2,137.0,2026-04-01 11:00:00,11,2,4,1.0,80.0,80.0,105.0
2026-04-01T12:00,82,90.6,30.3,3.4,148.0,2026-04-01 12:00:00,12,2,4,1.0,81.0,80.0,104.0
2026-04-01T13:00,82,85.7,29.0,3.2,151.0,2026-04-01 13:00:00,13,2,4,0.0,82.0,78.0,102.0
2026-04-01T14:00,83,83.1,28.1,4.4,150.0,2026-04-01 14:00:00,14,2,4,1.0,82.0,77.0,101.0
2026-04-01T15:00,84,80.6,27.2,4.1,149.0,2026-04-01 15:00:00,15,2,4,1.0,83.0,76.0,100.0
2026-04-01T16:00,84,80.6,27.3,5.3,143.0,2026-04-01 16:00:00,16,2,4,0.0,84.0,74.0,99.0
2026-04-01T17:00,92,56.2,20.1,11.9,131.0,2026-04-01 17:00:00,17,2,4,8.0,84.0,73.0,99.0
2026-04-01T18:00,104,70.1,34.7,43.6,94.0,2026-04-01 18:00:00,18,2,4,12.0,92.0,80.0,99.0
2026-04-01T19:00,101,87.3,50.4,86.8,44.0,2026-04-01 19:00:00,19,2,4,-3.0,104.0,76.0,99.0
2026-04-01T20:00,86,97.8,60.3,115.0,7.0,2026-04-01 20:00:00,20,2,4,-15.0,101.0,73.0,99.0
2026-04-01T21:00,88,99.0,64.5,114.4,0.0,2026-04-01 21:00:00,21,2,4,2.0,86.0,74.0,98.0
2026-04-01T22:00,89,91.3,64.3,98.9,0.0,2026-04-01 22:00:00,22,2,4,1.0,88.0,75.0,96.0
2026-04-01T23:00,92,79.2,59.8,83.9,4.0,2026-04-01 23:00:00,23,2,4,3.0,89.0,76.0,95.0
2026-04-02T00:00,94,68.9,53.4,73.7,3.0,2026-04-02 00:00:00,0,3,4,2.0,92.0,77.0,93.0
2026-04-02T01:00,97,60.8,47.4,64.1,3.0,2026-04-02 01:00:00,1,3,4,3.0,94.0,77.0,92.0
2026-04-02T02:00,99,55.5,42.8,58.0,4.0,2026-04-02 02:00:00,2,3,4,2.0,97.0,77.0,90.0
2026-04-02T03:00,101,54.1,40.5,58.7,5.0,2026-04-02 03:00:00,3,3,4,2.0,99.0,77.0,88.0
2026-04-02T04:00,104,53.1,36.7,63.0,7.0,2026-04-02 04:00:00,4,3,4,3.0,101.0,76.0,86.0
2026-04-02T05:00,106,39.6,26.2,39.2,11.0,2026-04-02 05:00:00,5,3,4,2.0,104.0,76.0,85.0
2026-04-02T06:00,106,37.1,25.5,41.7,15.0,2026-04-02 06:00:00,6,3,4,0.0,106.0,76.0,84.0
2026-04-02T07:00,106,39.7,27.9,44.6,22.0,2026-04-02 07:00:00,7,3,4,0.0,106.0,77.0,84.0
2026-04-02T08:00,106,42.0,31.0,43.4,36.0,2026-04-02 08:00:00,8,3,4,0.0,106.0,78.0,83.0
2026-04-02T09:00,107,46.6,24.6,34.1,64.0,2026-04-02 09:00:00,9,3,4,1.0,106.0,79.0,82.0
2026-04-02T10:00,106,40.6,18.7,20.6,100.0,2026-04-02 10:00:00,10,3,4,-1.0,107.0,80.0,82.0
2026-04-02T11:00,105,34.5,15.1,10.3,127.0,2026-04-02 11:00:00,11,3,4,-1.0,106.0,81.0,82.0
2026-04-02T12:00,104,40.5,15.5,5.6,137.0,2026-04-02 12:00:00,12,3,4,-1.0,105.0,82.0,82.0
2026-04-02T13:00,102,51.0,17.9,4.1,139.0,2026-04-02 13:00:00,13,3,4,-2.0,104.0,82.0,82.0
2026-04-02T14:00,101,59.0,19.7,5.3,138.0,2026-04-02 14:00:00,14,3,4,-1.0,102.0,83.0,82.0
2026-04-02T15:00,100,59.5,20.7,8.9,138.0,2026-04-02 15:00:00,15,3,4,-1.0,101.0,84.0,83.0
2026-04-02T16:00,99,56.6,21.6,15.2,136.0,2026-04-02 16:00:00,16,3,4,-1.0,100.0,84.0,83.0
2026-04-02T17:00,99,50.6,26.0,15.2,150.0,2026-04-02 17:00:00,17,3,4,0.0,99.0,92.0,83.0
2026-04-02T18:00,99,53.0,34.5,38.7,114.0,2026-04-02 18:00:00,18,3,4,0.0,99.0,104.0,82.0
2026-04-02T19:00,99,61.0,44.4,70.8,66.0,2026-04-02 19:00:00,19,3,4,0.0,99.0,101.0,80.0
2026-04-02T20:00,99,62.9,49.0,91.7,30.0,2026-04-02 20:00:00,20,3,4,0.0,99.0,86.0,78.0
2026-04-02T21:00,98,60.3,49.2,92.0,20.0,2026-04-02 21:00:00,21,3,4,-1.0,99.0,88.0,76.0
2026-04-02T22:00,96,54.5,45.6,81.1,24.0,2026-04-02 22:00:00,22,3,4,-2.0,98.0,89.0,73.0
2026-04-02T23:00,95,48.4,40.6,68.4,30.0,2026-04-02 23:00:00,23,3,4,-1.0,96.0,92.0,71.0
2026-04-03T00:00,93,43.3,35.6,55.6,35.0,2026-04-03 00:00:00,0,4,4,-2.0,95.0,94.0,70.0
2026-04-03T01:00,92,39.6,31.0,40.8,43.0,2026-04-03 01:00:00,1,4,4,-1.0,93.0,97.0,69.0
2026-04-03T02:00,90,32.7,23.2,28.0,51.0,2026-04-03 02:00:00,2,4,4,-2.0,92.0,99.0,67.0
2026-04-03T03:00,88,27.4,18.3,17.3,62.0,2026-04-03 03:00:00,3,4,4,-2.0,90.0,101.0,67.0
2026-04-03T04:00,86,27.6,16.1,8.6,75.0,2026-04-03 04:00:00,4,4,4,-2.0,88.0,104.0,67.0
2026-04-03T05:00,85,35.5,22.6,15.6,51.0,2026-04-03 05:00:00,5,4,4,-1.0,86.0,106.0,66.0
2026-04-03T06:00,84,32.9,20.1,20.8,48.0,2026-04-03 06:00:00,6,4,4,-1.0,85.0,106.0,66.0
2026-04-03T07:00,84,31.7,20.4,27.6,44.0,2026-04-03 07:00:00,7,4,4,0.0,84.0,106.0,65.0
2026-04-03T08:00,83,32.7,22.8,30.4,47.0,2026-04-03 08:00:00,8,4,4,-1.0,84.0,106.0,64.0
2026-04-03T09:00,82,30.5,21.4,25.2,63.0,2026-04-03 09:00:00,9,4,4,-1.0,83.0,107.0,64.0
2026-04-03T10:00,82,31.9,16.6,15.9,85.0,2026-04-03 10:00:00,10,4,4,0.0,82.0,106.0,63.0
2026-04-03T11:00,82,40.4,15.8,9.5,101.0,2026-04-03 11:00:00,11,4,4,0.0,82.0,105.0,63.0
2026-04-03T12:00,82,44.2,17.5,8.9,103.0,2026-04-03 12:00:00,12,4,4,0.0,82.0,104.0,62.0
2026-04-03T13:00,82,45.5,20.7,11.1,99.0,2026-04-03 13:00:00,13,4,4,0.0,82.0,102.0,62.0
2026-04-03T14:00,82,43.4,21.5,13.6,95.0,2026-04-03 14:00:00,14,4,4,0.0,82.0,101.0,61.0
2026-04-03T15:00,83,41.6,22.4,15.6,94.0,2026-04-03 15:00:00,15,4,4,1.0,82.0,100.0,61.0
2026-04-03T16:00,83,36.3,20.0,17.9,93.0,2026-04-03 16:00:00,16,4,4,0.0,83.0,99.0,60.0
2026-04-03T17:00,83,33.4,15.5,17.2,96.0,2026-04-03 17:00:00,17,4,4,0.0,83.0,99.0,60.0
2026-04-03T18:00,82,31.7,17.2,21.6,87.0,2026-04-03 18:00:00,18,4,4,-1.0,83.0,99.0,60.0
2026-04-03T19:00,80,36.1,20.8,27.8,74.0,2026-04-03 19:00:00,19,4,4,-2.0,82.0,99.0,60.0
2026-04-03T20:00,78,37.7,23.4,32.7,63.0,2026-04-03 20:00:00,20,4,4,-2.0,80.0,99.0,61.0
2026-04-03T21:00,76,35.6,22.2,36.1,55.0,2026-04-03 21:00:00,21,4,4,-2.0,78.0,98.0,63.0
2026-04-03T22:00,73,37.7,23.6,38.3,50.0,2026-04-03 22:00:00,22,4,4,-3.0,76.0,96.0,64.0
2026-04-03T23:00,71,38.4,24.1,37.3,48.0,2026-04-03 23:00:00,23,4,4,-2.0,73.0,95.0,65.0
2026-04-04T00:00,70,36.3,19.8,30.4,54.0,2026-04-04 00:00:00,0,5,4,-1.0,71.0,93.0,66.0
2026-04-04T01:00,69,34.7,18.0,20.2,64.0,2026-04-04 01:00:00,1,5,4,-1.0,70.0,92.0,66.0
2026-04-04T02:00,67,31.3,17.4,12.6,70.0,2026-04-04 02:00:00,2,5,4,-2.0,69.0,90.0,66.0
2026-04-04T03:00,67,28.0,15.9,9.8,69.0,2026-04-04 03:00:00,3,5,4,0.0,67.0,88.0,66.0
2026-04-04T04:00,67,23.5,14.4,9.6,64.0,2026-04-04 04:00:00,4,5,4,0.0,67.0,86.0,65.0
2026-04-04T05:00,66,35.2,12.0,5.0,84.0,2026-04-04 05:00:00,5,5,4,-1.0,67.0,85.0,64.0
2026-04-04T06:00,66,31.8,11.7,12.6,70.0,2026-04-04 06:00:00,6,5,4,0.0,66.0,84.0,64.0
2026-04-04T07:00,65,29.5,13.6,22.7,51.0,2026-04-04 07:00:00,7,5,4,-1.0,66.0,84.0,64.0
2026-04-04T08:00,64,30.2,16.6,27.6,44.0,2026-04-04 08:00:00,8,5,4,-1.0,65.0,83.0,63.0
2026-04-04T09:00,64,48.1,14.3,22.2,59.0,2026-04-04 09:00:00,9,5,4,0.0,64.0,82.0,63.0
2026-04-04T10:00,63,46.1,12.6,11.5,86.0,2026-04-04 10:00:00,10,5,4,-1.0,64.0,82.0,63.0
2026-04-04T11:00,63,46.8,12.7,3.6,106.0,2026-04-04 11:00:00,11,5,4,0.0,63.0,82.0,63.0
2026-04-04T12:00,62,47.3,13.0,1.4,112.0,2026-04-04 12:00:00,12,5,4,-1.0,63.0,82.0,62.0
2026-04-04T13:00,62,49.4,13.8,1.9,111.0,2026-04-04 13:00:00,13,5,4,0.0,62.0,82.0,63.0
2026-04-04T14:00,61,51.5,14.5,3.7,108.0,2026-04-04 14:00:00,14,5,4,-1.0,62.0,82.0,63.0
2026-04-04T15:00,61,53.0,14.8,4.7,106.0,2026-04-04 15:00:00,15,5,4,0.0,61.0,83.0,63.0
2026-04-04T16:00,60,54.7,15.3,7.1,101.0,2026-04-04 16:00:00,16,5,4,-1.0,61.0,83.0,63.0
2026-04-04T17:00,60,51.0,15.7,12.0,95.0,2026-04-04 17:00:00,17,5,4,0.0,60.0,83.0,83.0
2026-04-04T18:00,60,53.2,20.5,33.5,68.0,2026-04-04 18:00:00,18,5,4,0.0,60.0,82.0,98.0
2026-04-04T19:00,60,65.7,34.0,62.8,31.0,2026-04-04 19:00:00,19,5,4,0.0,60.0,80.0,97.0
2026-04-04T20:00,61,68.2,39.1,82.7,4.0,2026-04-04 20:00:00,20,5,4,1.0,60.0,78.0,80.0
2026-04-04T21:00,63,63.3,39.3,85.1,0.0,2026-04-04 21:00:00,21,5,4,2.0,61.0,76.0,64.0
2026-04-04T22:00,64,55.4,36.9,78.1,2.0,2026-04-04 22:00:00,22,5,4,1.0,63.0,73.0,65.0
2026-04-04T23:00,65,44.7,31.5,68.4,10.0,2026-04-04 23:00:00,23,5,4,1.0,64.0,71.0,67.0
2026-04-05T00:00,66,32.0,23.9,56.8,20.0,2026-04-05 00:00:00,0,6,4,1.0,65.0,70.0,69.0
2026-04-05T01:00,66,21.5,17.3,42.5,32.0,2026-04-05 01:00:00,1,6,4,0.0,66.0,69.0,70.0
2026-04-05T02:00,66,13.9,12.2,30.3,43.0,2026-04-05 02:00:00,2,6,4,0.0,66.0,67.0,71.0
2026-04-05T03:00,66,9.2,8.6,21.2,51.0,2026-04-05 03:00:00,3,6,4,0.0,66.0,67.0,72.0
2026-04-05T04:00,65,7.0,6.4,14.3,57.0,2026-04-05 04:00:00,4,6,4,-1.0,66.0,67.0,73.0
2026-04-05T05:00,64,7.4,7.0,13.7,49.0,2026-04-05 05:00:00,5,6,4,-1.0,65.0,66.0,73.0
2026-04-05T06:00,64,7.9,6.8,18.3,43.0,2026-04-05 06:00:00,6,6,4,0.0,64.0,66.0,74.0
2026-04-05T07:00,64,11.4,9.5,24.3,36.0,2026-04-05 07:00:00,7,6,4,0.0,64.0,65.0,75.0
2026-04-05T08:00,63,16.7,14.2,26.9,39.0,2026-04-05 08:00:00,8,6,4,-1.0,64.0,64.0,76.0
2026-04-05T09:00,63,19.5,11.4,22.6,63.0,2026-04-05 09:00:00,9,6,4,0.0,63.0,64.0,76.0
2026-04-05T10:00,63,24.2,10.9,14.8,97.0,2026-04-05 10:00:00,10,6,4,0.0,63.0,63.0,77.0
2026-04-05T11:00,63,34.2,12.2,8.6,124.0,2026-04-05 11:00:00,11,6,4,0.0,63.0,63.0,77.0
2026-04-05T12:00,62,42.5,14.1,5.9,138.0,2026-04-05 12:00:00,12,6,4,-1.0,63.0,62.0,77.0
2026-04-05T13:00,63,44.2,14.7,4.8,145.0,2026-04-05 13:00:00,13,6,4,1.0,62.0,62.0,77.0
2026-04-05T14:00,63,44.2,14.9,4.8,148.0,2026-04-05 14:00:00,14,6,4,0.0,63.0,61.0,76.0
2026-04-05T15:00,63,44.7,15.0,3.0,151.0,2026-04-05 15:00:00,15,6,4,0.0,63.0,61.0,76.0
2026-04-05T16:00,63,45.5,15.3,2.3,150.0,2026-04-05 16:00:00,16,6,4,0.0,63.0,60.0,75.0
2026-04-05T17:00,83,35.5,12.3,10.2,133.0,2026-04-05 17:00:00,17,6,4,20.0,63.0,60.0,85.0
2026-04-05T18:00,98,45.2,21.8,40.0,96.0,2026-04-05 18:00:00,18,6,4,15.0,83.0,60.0,92.0
2026-04-05T19:00,97,64.0,39.6,80.7,44.0,2026-04-05 19:00:00,19,6,4,-1.0,98.0,60.0,86.0
2026-04-05T20:00,80,75.9,50.6,107.4,6.0,2026-04-05 20:00:00,20,6,4,-17.0,97.0,61.0,74.0
2026-04-05T21:00,64,78.9,55.4,107.1,0.0,2026-04-05 21:00:00,21,6,4,-16.0,80.0,63.0,72.0
2026-04-05T22:00,65,76.1,57.3,92.9,0.0,2026-04-05 22:00:00,22,6,4,1.0,64.0,64.0,69.0
2026-04-05T23:00,67,63.8,51.2,79.6,2.0,2026-04-05 23:00:00,23,6,4,2.0,65.0,65.0,66.0
2026-04-06T00:00,69,49.2,38.9,73.3,5.0,2026-04-06 00:00:00,0,0,4,2.0,67.0,66.0,64.0
2026-04-06T01:00,70,37.4,28.1,67.7,10.0,2026-04-06 01:00:00,1,0,4,1.0,69.0,66.0,62.0
2026-04-06T02:00,71,29.2,21.4,59.4,18.0,2026-04-06 02:00:00,2,0,4,1.0,70.0,66.0,61.0
2026-04-06T03:00,72,23.3,16.6,43.7,32.0,2026-04-06 03:00:00,3,0,4,1.0,71.0,66.0,60.0
2026-04-06T04:00,73,19.2,13.4,25.2,49.0,2026-04-06 04:00:00,4,0,4,1.0,72.0,65.0,61.0
2026-04-06T05:00,73,22.8,16.6,19.1,39.0,2026-04-06 05:00:00,5,0,4,0.0,73.0,64.0,61.0
2026-04-06T06:00,74,21.6,15.8,23.3,41.0,2026-04-06 06:00:00,6,0,4,1.0,73.0,64.0,61.0
2026-04-06T07:00,75,24.4,18.1,28.8,46.0,2026-04-06 07:00:00,7,0,4,1.0,74.0,64.0,61.0
2026-04-06T08:00,76,28.4,20.6,30.3,57.0,2026-04-06 08:00:00,8,0,4,1.0,75.0,63.0,61.0
2026-04-06T09:00,76,31.5,15.0,24.1,82.0,2026-04-06 09:00:00,9,0,4,0.0,76.0,63.0,61.0
2026-04-06T10:00,77,31.0,12.8,13.9,113.0,2026-04-06 10:00:00,10,0,4,1.0,76.0,63.0,61.0
2026-04-06T11:00,77,29.0,11.5,6.2,136.0,2026-04-06 11:00:00,11,0,4,0.0,77.0,63.0,62.0
2026-04-06T12:00,77,25.4,10.7,3.6,144.0,2026-04-06 12:00:00,12,0,4,0.0,77.0,62.0,63.0
2026-04-06T13:00,77,22.0,10.2,3.4,144.0,2026-04-06 13:00:00,13,0,4,0.0,77.0,63.0,63.0
2026-04-06T14:00,76,20.8,10.2,4.3,141.0,2026-04-06 14:00:00,14,0,4,-1.0,77.0,63.0,64.0
2026-04-06T15:00,76,18.5,9.4,4.7,137.0,2026-04-06 15:00:00,15,0,4,0.0,76.0,63.0,64.0
2026-04-06T16:00,75,18.3,9.6,6.1,130.0,2026-04-06 16:00:00,16,0,4,-1.0,76.0,63.0,65.0
2026-04-06T17:00,85,24.7,14.0,11.7,113.0,2026-04-06 17:00:00,17,0,4,10.0,75.0,83.0,66.0
2026-04-06T18:00,92,30.6,21.7,28.4,88.0,2026-04-06 18:00:00,18,0,4,7.0,85.0,98.0,67.0
2026-04-06T19:00,86,36.9,28.0,50.8,55.0,2026-04-06 19:00:00,19,0,4,-6.0,92.0,97.0,67.0
2026-04-06T20:00,74,35.7,27.9,63.4,34.0,2026-04-06 20:00:00,20,0,4,-12.0,86.0,80.0,66.0
2026-04-06T21:00,72,33.8,26.6,57.1,37.0,2026-04-06 21:00:00,21,0,4,-2.0,74.0,64.0,65.0
2026-04-06T22:00,69,30.7,24.2,41.1,52.0,2026-04-06 22:00:00,22,0,4,-3.0,72.0,65.0,64.0
2026-04-06T23:00,66,26.7,20.6,27.3,65.0,2026-04-06 23:00:00,23,0,4,-3.0,69.0,67.0,64.0
2026-04-07T00:00,64,23.0,17.3,20.2,69.0,2026-04-07 00:00:00,0,1,4,-2.0,66.0,69.0,63.0
2026-04-07T01:00,62,22.0,16.3,15.4,71.0,2026-04-07 01:00:00,1,1,4,-2.0,64.0,70.0,63.0
2026-04-07T02:00,61,24.4,17.9,11.9,73.0,2026-04-07 02:00:00,2,1,4,-1.0,62.0,71.0,62.0
2026-04-07T03:00,60,26.6,19.6,8.7,77.0,2026-04-07 03:00:00,3,1,4,-1.0,61.0,72.0,62.0
2026-04-07T04:00,61,25.8,18.3,6.7,81.0,2026-04-07 04:00:00,4,1,4,1.0,60.0,73.0,61.0
2026-04-07T05:00,61,19.6,15.6,6.7,89.0,2026-04-07 05:00:00,5,1,4,0.0,61.0,73.0,60.0
2026-04-07T06:00,61,17.7,14.2,15.9,79.0,2026-04-07 06:00:00,6,1,4,0.0,61.0,74.0,59.0
2026-04-07T07:00,61,18.4,15.3,28.4,66.0,2026-04-07 07:00:00,7,1,4,0.0,61.0,75.0,59.0
2026-04-07T08:00,61,28.5,21.3,36.0,60.0,2026-04-07 08:00:00,8,1,4,0.0,61.0,76.0,59.0
2026-04-07T09:00,61,31.0,22.1,34.2,67.0,2026-04-07 09:00:00,9,1,4,0.0,61.0,76.0,58.0
2026-04-07T10:00,61,31.4,19.9,27.6,81.0,2026-04-07 10:00:00,10,1,4,0.0,61.0,77.0,58.0
2026-04-07T11:00,62,29.4,18.5,21.7,93.0,2026-04-07 11:00:00,11,1,4,1.0,61.0,77.0,58.0
2026-04-07T12:00,63,29.2,16.4,17.6,100.0,2026-04-07 12:00:00,12,1,4,1.0,62.0,77.0,58.0
2026-04-07T13:00,63,35.9,16.1,14.3,104.0,2026-04-07 13:00:00,13,1,4,0.0,63.0,77.0,59.0
2026-04-07T14:00,64,44.6,16.6,14.0,104.0,2026-04-07 14:00:00,14,1,4,1.0,63.0,76.0,59.0
2026-04-07T15:00,64,46.6,17.8,19.4,96.0,2026-04-07 15:00:00,15,1,4,0.0,64.0,76.0,60.0
2026-04-07T16:00,65,45.2,18.9,27.8,85.0,2026-04-07 16:00:00,16,1,4,1.0,64.0,75.0,60.0
2026-04-07T17:00,66,72.6,23.1,19.9,98.0,2026-04-07 17:00:00,17,1,4,1.0,65.0,85.0,66.0
2026-04-07T18:00,67,68.2,22.2,19.6,97.0,2026-04-07 18:00:00,18,1,4,1.0,66.0,92.0,75.0
2026-04-07T19:00,67,62.4,21.1,19.1,95.0,2026-04-07 19:00:00,19,1,4,0.0,67.0,86.0,72.0
2026-04-07T20:00,66,58.7,19.3,17.9,95.0,2026-04-07 20:00:00,20,1,4,-1.0,67.0,74.0,60.0
2026-04-07T21:00,65,50.3,17.6,15.4,98.0,2026-04-07 21:00:00,21,1,4,-1.0,66.0,72.0,62.0
2026-04-07T22:00,64,43.1,15.6,12.1,102.0,2026-04-07 22:00:00,22,1,4,-1.0,65.0,69.0,65.0
2026-04-07T23:00,64,36.2,13.9,9.2,107.0,2026-04-07 23:00:00,23,1,4,0.0,64.0,66.0,68.0
2026-04-08T00:00,63,34.6,12.7,6.9,112.0,2026-04-08 00:00:00,0,2,4,-1.0,64.0,64.0,72.0
2026-04-08T01:00,63,33.3,12.0,5.0,117.0,2026-04-08 01:00:00,1,2,4,0.0,63.0,62.0,74.0
2026-04-08T02:00,62,30.2,10.9,3.7,119.0,2026-04-08 02:00:00,2,2,4,-1.0,63.0,61.0,76.0
2026-04-08T03:00,62,25.1,9.7,2.7,118.0,2026-04-08 03:00:00,3,2,4,0.0,62.0,60.0,76.0
2026-04-08T04:00,61,22.5,9.3,2.4,115.0,2026-04-08 04:00:00,4,2,4,-1.0,62.0,61.0,77.0
2026-04-08T05:00,60,20.3,8.8,7.1,88.0,2026-04-08 05:00:00,5,2,4,-1.0,61.0,61.0,78.0
2026-04-08T06:00,59,19.3,8.5,12.9,82.0,2026-04-08 06:00:00,6,2,4,-1.0,60.0,61.0,78.0
2026-04-08T07:00,59,24.2,12.7,20.7,75.0,2026-04-08 07:00:00,7,2,4,0.0,59.0,61.0,79.0
2026-04-08T08:00,59,33.6,14.8,24.6,75.0,2026-04-08 08:00:00,8,2,4,0.0,59.0,61.0,79.0
2026-04-08T09:00,58,56.7,18.3,20.9,88.0,2026-04-08 09:00:00,9,2,4,-1.0,59.0,61.0,80.0
2026-04-08T10:00,58,68.2,21.1,13.3,108.0,2026-04-08 10:00:00,10,2,4,0.0,58.0,61.0,80.0
2026-04-08T11:00,58,69.2,21.7,7.6,122.0,2026-04-08 11:00:00,11,2,4,0.0,58.0,62.0,79.0
2026-04-08T12:00,58,70.5,24.3,6.1,126.0,2026-04-08 12:00:00,12,2,4,0.0,58.0,63.0,78.0
2026-04-08T13:00,59,57.7,23.5,6.5,125.0,2026-04-08 13:00:00,13,2,4,1.0,58.0,63.0,77.0
2026-04-08T14:00,59,47.0,19.9,7.6,123.0,2026-04-08 14:00:00,14,2,4,0.0,59.0,64.0,77.0
2026-04-08T15:00,60,41.1,18.2,7.2,123.0,2026-04-08 15:00:00,15,2,4,1.0,59.0,64.0,76.0
2026-04-08T16:00,60,35.6,18.7,7.4,122.0,2026-04-08 16:00:00,16,2,4,0.0,60.0,65.0,83.0
2026-04-08T17:00,66,36.6,15.7,10.0,131.0,2026-04-08 17:00:00,17,2,4,6.0,60.0,66.0,103.0
2026-04-08T18:00,75,37.7,22.1,37.3,95.0,2026-04-08 18:00:00,18,2,4,9.0,66.0,67.0,116.0
2026-04-08T19:00,72,49.6,32.4,74.9,45.0,2026-04-08 19:00:00,19,2,4,-3.0,75.0,67.0,114.0
2026-04-08T20:00,60,60.8,42.0,101.7,9.0,2026-04-08 20:00:00,20,2,4,-12.0,72.0,66.0,95.0
2026-04-08T21:00,62,66.4,46.6,110.1,0.0,2026-04-08 21:00:00,21,2,4,2.0,60.0,65.0,78.0
2026-04-08T22:00,65,74.5,53.7,107.8,0.0,2026-04-08 22:00:00,22,2,4,3.0,62.0,64.0,79.0
2026-04-08T23:00,68,76.4,55.9,96.9,6.0,2026-04-08 23:00:00,23,2,4,3.0,65.0,64.0,80.0
2026-04-09T00:00,72,57.6,42.4,72.1,31.0,2026-04-09 00:00:00,0,3,4,4.0,68.0,63.0,81.0
2026-04-09T01:00,74,39.6,27.2,38.7,66.0,2026-04-09 01:00:00,1,3,4,2.0,72.0,63.0,82.0
2026-04-09T02:00,76,30.2,19.3,14.4,88.0,2026-04-09 02:00:00,2,3,4,2.0,74.0,62.0,83.0
2026-04-09T03:00,76,22.9,16.6,7.8,84.0,2026-04-09 03:00:00,3,3,4,0.0,76.0,62.0,84.0
2026-04-09T04:00,77,20.4,15.5,10.3,66.0,2026-04-09 04:00:00,4,3,4,1.0,76.0,61.0,84.0
2026-04-09T05:00,78,23.1,15.4,10.0,80.0,2026-04-09 05:00:00,5,3,4,1.0,77.0,60.0,85.0
2026-04-09T06:00,78,22.6,15.8,15.5,72.0,2026-04-09 06:00:00,6,3,4,0.0,78.0,59.0,86.0
2026-04-09T07:00,79,25.2,19.6,22.7,63.0,2026-04-09 07:00:00,7,3,4,1.0,78.0,59.0,86.0
2026-04-09T08:00,79,27.4,20.8,25.9,64.0,2026-04-09 08:00:00,8,3,4,0.0,79.0,59.0,86.0
2026-04-09T09:00,80,22.9,14.1,21.1,85.0,2026-04-09 09:00:00,9,3,4,1.0,79.0,58.0,86.0
2026-04-09T10:00,80,23.1,13.8,12.2,116.0,2026-04-09 10:00:00,10,3,4,0.0,80.0,58.0,86.0
2026-04-09T11:00,79,23.2,13.6,5.5,140.0,2026-04-09 11:00:00,11,3,4,-1.0,80.0,58.0,86.0
2026-04-09T12:00,78,24.6,14.4,3.5,150.0,2026-04-09 12:00:00,12,3,4,-1.0,79.0,58.0,86.0
2026-04-09T13:00,77,23.9,14.3,3.6,153.0,2026-04-09 13:00:00,13,3,4,-1.0,78.0,59.0,85.0
2026-04-09T14:00,77,23.8,14.4,4.4,153.0,2026-04-09 14:00:00,14,3,4,0.0,77.0,59.0,85.0
2026-04-09T15:00,76,23.9,14.7,1.9,157.0,2026-04-09 15:00:00,15,3,4,-1.0,77.0,60.0,84.0
2026-04-09T16:00,83,23.7,14.6,0.1,158.0,2026-04-09 16:00:00,16,3,4,7.0,76.0,60.0,84.0
2026-04-09T17:00,103,21.8,14.8,10.0,147.0,2026-04-09 17:00:00,17,3,4,20.0,83.0,66.0,96.0
2026-04-09T18:00,116,29.9,23.0,44.6,106.0,2026-04-09 18:00:00,18,3,4,13.0,103.0,75.0,105.0
2026-04-09T19:00,114,51.0,43.8,91.8,49.0,2026-04-09 19:00:00,19,3,4,-2.0,116.0,72.0,100.0
2026-04-09T20:00,95,65.2,58.3,123.4,8.0,2026-04-09 20:00:00,20,3,4,-19.0,114.0,60.0,82.0
2026-04-09T21:00,78,68.5,61.9,125.0,0.0,2026-04-09 21:00:00,21,3,4,-17.0,95.0,62.0,77.0
2026-04-09T22:00,79,69.8,63.8,111.1,0.0,2026-04-09 22:00:00,22,3,4,1.0,78.0,65.0,74.0
2026-04-09T23:00,80,66.6,62.2,96.4,5.0,2026-04-09 23:00:00,23,3,4,1.0,79.0,68.0,70.0
2026-04-10T00:00,81,55.2,52.3,86.2,10.0,2026-04-10 00:00:00,0,4,4,1.0,80.0,72.0,67.0
2026-04-10T01:00,82,42.3,39.9,75.2,18.0,2026-04-10 01:00:00,1,4,4,1.0,81.0,74.0,64.0
2026-04-10T02:00,83,33.1,31.1,63.2,27.0,2026-04-10 02:00:00,2,4,4,1.0,82.0,76.0,63.0
2026-04-10T03:00,84,26.0,24.3,47.6,37.0,2026-04-10 03:00:00,3,4,4,1.0,83.0,76.0,63.0
2026-04-10T04:00,84,20.4,19.1,30.9,48.0,2026-04-10 04:00:00,4,4,4,0.0,84.0,77.0,63.0
2026-04-10T05:00,85,25.8,24.4,35.2,33.0,2026-04-10 05:00:00,5,4,4,1.0,84.0,78.0,63.0
2026-04-10T06:00,86,21.1,19.7,35.5,38.0,2026-04-10 06:00:00,6,4,4,1.0,85.0,78.0,63.0
2026-04-10T07:00,86,21.6,20.3,35.6,46.0,2026-04-10 07:00:00,7,4,4,0.0,86.0,79.0,64.0
2026-04-10T08:00,86,23.5,21.7,33.0,60.0,2026-04-10 08:00:00,8,4,4,0.0,86.0,79.0,64.0
2026-04-10T09:00,86,20.4,16.7,25.2,86.0,2026-04-10 09:00:00,9,4,4,0.0,86.0,80.0,64.0
2026-04-10T10:00,86,14.3,11.2,14.7,119.0,2026-04-10 10:00:00,10,4,4,0.0,86.0,80.0,64.0
2026-04-10T11:00,86,11.8,8.9,6.9,143.0,2026-04-10 11:00:00,11,4,4,0.0,86.0,79.0,65.0
2026-04-10T12:00,86,13.4,9.2,3.9,153.0,2026-04-10 12:00:00,12,4,4,0.0,86.0,78.0,66.0
2026-04-10T13:00,85,16.7,10.0,3.6,155.0,2026-04-10 13:00:00,13,4,4,-1.0,86.0,77.0,67.0
2026-04-10T14:00,85,20.4,10.4,5.5,152.0,2026-04-10 14:00:00,14,4,4,0.0,85.0,77.0,68.0
2026-04-10T15:00,84,23.2,10.8,9.2,143.0,2026-04-10 15:00:00,15,4,4,-1.0,85.0,76.0,69.0
2026-04-10T16:00,84,23.6,11.4,15.0,130.0,2026-04-10 16:00:00,16,4,4,0.0,84.0,83.0,91.0
2026-04-10T17:00,96,15.8,7.0,18.4,125.0,2026-04-10 17:00:00,17,4,4,12.0,84.0,103.0,115.0
2026-04-10T18:00,105,21.5,13.9,37.2,97.0,2026-04-10 18:00:00,18,4,4,9.0,96.0,116.0,130.0
2026-04-10T19:00,100,26.9,20.2,62.9,57.0,2026-04-10 19:00:00,19,4,4,-5.0,105.0,114.0,129.0
2026-04-10T20:00,82,29.3,23.6,79.9,30.0,2026-04-10 20:00:00,20,4,4,-18.0,100.0,95.0,112.0
2026-04-10T21:00,77,27.5,22.9,79.9,26.0,2026-04-10 21:00:00,21,4,4,-5.0,82.0,78.0,84.0
2026-04-10T22:00,74,25.4,21.7,71.3,34.0,2026-04-10 22:00:00,22,4,4,-3.0,77.0,79.0,78.0
2026-04-10T23:00,70,27.2,23.6,63.7,39.0,2026-04-10 23:00:00,23,4,4,-4.0,74.0,80.0,79.0
2026-04-11T00:00,67,29.0,25.1,60.9,36.0,2026-04-11 00:00:00,0,5,4,-3.0,70.0,81.0,80.0
2026-04-11T01:00,64,29.7,26.1,59.0,30.0,2026-04-11 01:00:00,1,5,4,-3.0,67.0,82.0,80.0
2026-04-11T02:00,63,31.1,27.5,56.2,26.0,2026-04-11 02:00:00,2,5,4,-1.0,64.0,83.0,79.0
2026-04-11T03:00,63,30.9,27.5,50.9,23.0,2026-04-11 03:00:00,3,5,4,0.0,63.0,84.0,78.0
2026-04-11T04:00,63,28.9,26.0,44.7,22.0,2026-04-11 04:00:00,4,5,4,0.0,63.0,84.0,77.0
2026-04-11T05:00,63,28.0,22.5,34.1,30.0,2026-04-11 05:00:00,5,5,4,0.0,63.0,85.0,76.0
2026-04-11T06:00,63,27.6,22.3,36.6,34.0,2026-04-11 06:00:00,6,5,4,0.0,63.0,86.0,75.0
2026-04-11T07:00,64,30.4,25.6,39.5,40.0,2026-04-11 07:00:00,7,5,4,1.0,63.0,86.0,74.0
2026-04-11T08:00,64,33.3,23.5,38.8,53.0,2026-04-11 08:00:00,8,5,4,0.0,64.0,86.0,74.0
2026-04-11T09:00,64,45.4,18.3,30.9,80.0,2026-04-11 09:00:00,9,5,4,0.0,64.0,86.0,73.0
2026-04-11T10:00,64,49.0,17.1,19.2,113.0,2026-04-11 10:00:00,10,5,4,0.0,64.0,86.0,73.0
2026-04-11T11:00,65,52.5,18.0,10.2,141.0,2026-04-11 11:00:00,11,5,4,1.0,64.0,86.0,73.0
2026-04-11T12:00,66,57.7,20.5,6.4,158.0,2026-04-11 12:00:00,12,5,4,1.0,65.0,86.0,73.0
2026-04-11T13:00,67,64.0,23.3,5.3,168.0,2026-04-11 13:00:00,13,5,4,1.0,66.0,85.0,72.0
2026-04-11T14:00,68,67.3,22.6,5.4,172.0,2026-04-11 14:00:00,14,5,4,1.0,67.0,85.0,71.0
2026-04-11T15:00,69,72.9,22.8,4.7,171.0,2026-04-11 15:00:00,15,5,4,1.0,68.0,84.0,78.0
2026-04-11T16:00,91,75.0,22.8,5.2,164.0,2026-04-11 16:00:00,16,5,4,22.0,69.0,84.0,102.0
2026-04-11T17:00,115,60.3,24.2,15.8,150.0,2026-04-11 17:00:00,17,5,4,24.0,91.0,96.0,125.0
2026-04-11T18:00,130,61.2,29.4,39.6,112.0,2026-04-11 18:00:00,18,5,4,15.0,115.0,105.0,139.0
2026-04-11T19:00,129,66.4,36.2,71.9,60.0,2026-04-11 19:00:00,19,5,4,-1.0,130.0,100.0,136.0
2026-04-11T20:00,112,72.4,41.4,91.4,24.0,2026-04-11 20:00:00,20,5,4,-17.0,129.0,82.0,114.0
2026-04-11T21:00,84,60.1,36.9,86.4,19.0,2026-04-11 21:00:00,21,5,4,-28.0,112.0,77.0,81.0
2026-04-11T22:00,78,52.5,33.1,68.7,30.0,2026-04-11 22:00:00,22,5,4,-6.0,84.0,74.0,67.0
2026-04-11T23:00,79,45.5,29.9,52.3,41.0,2026-04-11 23:00:00,23,5,4,1.0,78.0,70.0,68.0
2026-04-12T00:00,80,36.1,24.8,41.7,46.0,2026-04-12 00:00:00,0,6,4,1.0,79.0,67.0,70.0
2026-04-12T01:00,80,28.5,19.8,32.4,50.0,2026-04-12 01:00:00,1,6,4,0.0,80.0,64.0,71.0
2026-04-12T02:00,79,23.9,16.7,24.9,53.0,2026-04-12 02:00:00,2,6,4,-1.0,80.0,63.0,72.0
2026-04-12T03:00,78,21.1,15.0,19.0,54.0,2026-04-12 03:00:00,3,6,4,-1.0,79.0,63.0,73.0
2026-04-12T04:00,77,18.9,13.9,14.9,54.0,2026-04-12 04:00:00,4,6,4,-1.0,78.0,63.0,73.0
2026-04-12T05:00,76,20.2,13.9,13.5,60.0,2026-04-12 05:00:00,5,6,4,-1.0,77.0,63.0,74.0
2026-04-12T06:00,75,19.4,14.0,19.9,56.0,2026-04-12 06:00:00,6,6,4,-1.0,76.0,63.0,74.0
2026-04-12T07:00,74,21.5,16.7,28.3,53.0,2026-04-12 07:00:00,7,6,4,-1.0,75.0,64.0,74.0
2026-04-12T08:00,74,26.4,19.3,31.8,60.0,2026-04-12 08:00:00,8,6,4,0.0,74.0,64.0,74.0
2026-04-12T09:00,73,35.6,15.7,25.6,88.0,2026-04-12 09:00:00,9,6,4,-1.0,74.0,64.0,75.0
2026-04-12T10:00,73,40.2,15.4,14.5,127.0,2026-04-12 10:00:00,10,6,4,0.0,73.0,64.0,75.0
2026-04-12T11:00,73,44.9,16.1,6.0,157.0,2026-04-12 11:00:00,11,6,4,0.0,73.0,65.0,74.0
2026-04-12T12:00,73,42.1,15.3,3.1,168.0,2026-04-12 12:00:00,12,6,4,0.0,73.0,66.0,74.0
2026-04-12T13:00,72,36.8,13.9,2.8,170.0,2026-04-12 13:00:00,13,6,4,-1.0,73.0,67.0,73.0
2026-04-12T14:00,71,33.6,13.3,3.9,169.0,2026-04-12 14:00:00,14,6,4,-1.0,72.0,68.0,73.0
2026-04-12T15:00,78,32.0,13.0,2.9,169.0,2026-04-12 15:00:00,15,6,4,7.0,71.0,69.0,81.0
2026-04-12T16:00,102,31.2,12.9,3.3,166.0,2026-04-12 16:00:00,16,6,4,24.0,78.0,91.0,107.0
2026-04-12T17:00,125,26.5,11.9,12.2,155.0,2026-04-12 17:00:00,17,6,4,23.0,102.0,115.0,129.0
2026-04-12T18:00,139,30.9,18.8,44.1,113.0,2026-04-12 18:00:00,18,6,4,14.0,125.0,130.0,141.0
2026-04-12T19:00,136,44.2,31.5,87.6,54.0,2026-04-12 19:00:00,19,6,4,-3.0,139.0,129.0,137.0
2026-04-12T20:00,114,56.6,42.5,117.5,12.0,2026-04-12 20:00:00,20,6,4,-22.0,136.0,112.0,116.0
2026-04-12T21:00,81,61.0,45.6,122.1,0.0,2026-04-12 21:00:00,21,6,4,-33.0,114.0,84.0,86.0
2026-04-12T22:00,67,61.0,44.6,113.0,4.0,2026-04-12 22:00:00,22,6,4,-14.0,81.0,78.0,68.0
2026-04-12T23:00,68,60.8,44.7,99.8,11.0,2026-04-12 23:00:00,23,6,4,1.0,67.0,79.0,67.0
2026-04-13T00:00,70,53.4,41.6,83.1,19.0,2026-04-13 00:00:00,0,0,4,2.0,68.0,80.0,66.0
2026-04-13T01:00,71,40.0,32.4,62.3,30.0,2026-04-13 01:00:00,1,0,4,1.0,70.0,80.0,64.0
2026-04-13T02:00,72,31.9,25.4,44.4,41.0,2026-04-13 02:00:00,2,0,4,1.0,71.0,79.0,63.0
2026-04-13T03:00,73,26.9,20.4,31.0,51.0,2026-04-13 03:00:00,3,0,4,1.0,72.0,78.0,63.0
2026-04-13T04:00,73,23.5,17.0,20.5,60.0,2026-04-13 04:00:00,4,0,4,0.0,73.0,77.0,62.0
2026-04-13T05:00,74,24.2,18.6,19.9,50.0,2026-04-13 05:00:00,5,0,4,1.0,73.0,76.0,62.0
2026-04-13T06:00,74,21.8,16.2,25.6,49.0,2026-04-13 06:00:00,6,0,4,0.0,74.0,75.0,62.0
2026-04-13T07:00,74,23.0,17.9,33.0,48.0,2026-04-13 07:00:00,7,0,4,0.0,74.0,74.0,61.0
2026-04-13T08:00,74,26.1,20.3,35.5,58.0,2026-04-13 08:00:00,8,0,4,0.0,74.0,74.0,61.0
2026-04-13T09:00,75,28.7,15.4,28.3,89.0,2026-04-13 09:00:00,9,0,4,1.0,74.0,73.0,61.0
2026-04-13T10:00,75,25.2,12.2,16.1,131.0,2026-04-13 10:00:00,10,0,4,0.0,75.0,73.0,61.0
2026-04-13T11:00,74,24.8,11.5,6.8,162.0,2026-04-13 11:00:00,11,0,4,-1.0,75.0,73.0,61.0
2026-04-13T12:00,74,25.1,11.2,3.4,174.0,2026-04-13 12:00:00,12,0,4,0.0,74.0,73.0,61.0
2026-04-13T13:00,73,23.4,10.8,3.0,175.0,2026-04-13 13:00:00,13,0,4,-1.0,74.0,72.0,61.0
2026-04-13T14:00,73,21.1,10.4,4.0,172.0,2026-04-13 14:00:00,14,0,4,0.0,73.0,71.0,61.0
2026-04-13T15:00,81,18.8,10.2,3.5,169.0,2026-04-13 15:00:00,15,0,4,8.0,73.0,78.0,91.0
2026-04-13T16:00,107,17.0,10.0,4.5,163.0,2026-04-13 16:00:00,16,0,4,26.0,81.0,102.0,120.0
2026-04-13T17:00,129,9.3,8.2,15.7,145.0,2026-04-13 17:00:00,17,0,4,22.0,107.0,125.0,145.0
2026-04-13T18:00,141,14.2,13.1,38.7,111.0,2026-04-13 18:00:00,18,0,4,12.0,129.0,139.0,156.0
2026-04-13T19:00,137,21.8,20.7,70.0,65.0,2026-04-13 19:00:00,19,0,4,-4.0,141.0,136.0,153.0
2026-04-13T20:00,116,29.7,28.4,90.5,32.0,2026-04-13 20:00:00,20,0,4,-21.0,137.0,114.0,130.0
2026-04-13T21:00,86,32.5,31.0,90.9,25.0,2026-04-13 21:00:00,21,0,4,-30.0,116.0,81.0,94.0
2026-04-13T22:00,68,32.7,31.0,80.5,31.0,2026-04-13 22:00:00,22,0,4,-18.0,86.0,67.0,64.0
2026-04-13T23:00,67,31.1,29.3,68.6,38.0,2026-04-13 23:00:00,23,0,4,-1.0,68.0,68.0,65.0
2026-04-14T00:00,66,27.9,26.3,57.0,44.0,2026-04-14 00:00:00,0,1,4,-1.0,67.0,70.0,65.0
2026-04-14T01:00,64,24.5,22.8,44.0,51.0,2026-04-14 01:00:00,1,1,4,-2.0,66.0,71.0,66.0
2026-04-14T02:00,63,21.2,19.4,32.9,58.0,2026-04-14 02:00:00,2,1,4,-1.0,64.0,72.0,66.0
2026-04-14T03:00,63,18.4,16.4,24.3,63.0,2026-04-14 03:00:00,3,1,4,0.0,63.0,73.0,65.0
2026-04-14T04:00,62,16.1,13.9,17.7,68.0,2026-04-14 04:00:00,4,1,4,-1.0,63.0,73.0,65.0
2026-04-14T05:00,62,15.7,14.2,19.2,53.0,2026-04-14 05:00:00,5,1,4,0.0,62.0,74.0,65.0
2026-04-14T06:00,62,15.0,13.1,25.8,50.0,2026-04-14 06:00:00,6,1,4,0.0,62.0,74.0,65.0
2026-04-14T07:00,61,17.1,15.0,34.5,48.0,2026-04-14 07:00:00,7,1,4,-1.0,62.0,74.0,65.0
2026-04-14T08:00,61,20.4,18.0,37.9,57.0,2026-04-14 08:00:00,8,1,4,0.0,61.0,74.0,65.0
2026-04-14T09:00,61,19.6,12.9,30.9,89.0,2026-04-14 09:00:00,9,1,4,0.0,61.0,75.0,64.0
2026-04-14T10:00,61,19.3,11.6,18.5,133.0,2026-04-14 10:00:00,10,1,4,0.0,61.0,75.0,64.0
2026-04-14T11:00,61,20.5,11.8,8.9,167.0,2026-04-14 11:00:00,11,1,4,0.0,61.0,74.0,64.0
2026-04-14T12:00,61,21.9,12.3,5.0,183.0,2026-04-14 12:00:00,12,1,4,0.0,61.0,74.0,64.0
2026-04-14T13:00,61,22.5,12.6,3.8,189.0,2026-04-14 13:00:00,13,1,4,0.0,61.0,73.0,64.0
2026-04-14T14:00,61,22.0,12.4,4.6,189.0,2026-04-14 14:00:00,14,1,4,0.0,61.0,73.0,72.0
2026-04-14T15:00,91,21.7,12.1,4.7,185.0,2026-04-14 15:00:00,15,1,4,30.0,61.0,81.0,98.0
2026-04-14T16:00,120,21.7,11.8,6.7,174.0,2026-04-14 16:00:00,16,1,4,29.0,91.0,107.0,124.0
2026-04-14T17:00,145,9.0,7.7,17.9,151.0,2026-04-14 17:00:00,17,1,4,25.0,120.0,129.0,145.0
2026-04-14T18:00,156,17.1,15.5,48.4,111.0,2026-04-14 18:00:00,18,1,4,11.0,145.0,141.0,154.0
2026-04-14T19:00,153,28.9,27.3,90.1,56.0,2026-04-14 19:00:00,19,1,4,-3.0,156.0,137.0,148.0
2026-04-14T20:00,130,38.6,37.0,118.5,16.0,2026-04-14 20:00:00,20,1,4,-23.0,153.0,116.0,124.0
2026-04-14T21:00,94,43.2,41.3,122.8,4.0,2026-04-14 21:00:00,21,1,4,-36.0,130.0,86.0,90.0
2026-04-14T22:00,64,43.2,41.6,113.8,7.0,2026-04-14 22:00:00,22,1,4,-30.0,94.0,68.0,62.0
2026-04-14T23:00,65,36.8,35.6,99.4,15.0,2026-04-14 23:00:00,23,1,4,1.0,64.0,67.0,62.0
2026-04-15T00:00,65,29.2,28.4,78.4,29.0,2026-04-15 00:00:00,0,2,4,0.0,65.0,66.0,63.0
2026-04-15T01:00,66,23.2,22.5,52.0,49.0,2026-04-15 01:00:00,1,2,4,1.0,65.0,64.0,63.0
2026-04-15T02:00,66,18.3,17.8,31.2,65.0,2026-04-15 02:00:00,2,2,4,0.0,66.0,63.0,63.0
2026-04-15T03:00,65,14.4,13.8,19.9,73.0,2026-04-15 03:00:00,3,2,4,-1.0,66.0,63.0,62.0
2026-04-15T04:00,65,11.5,10.9,14.1,76.0,2026-04-15 04:00:00,4,2,4,0.0,65.0,62.0,62.0
2026-04-15T05:00,65,13.6,12.9,14.9,70.0,2026-04-15 05:00:00,5,2,4,0.0,65.0,62.0,62.0
2026-04-15T06:00,65,12.4,11.5,23.1,65.0,2026-04-15 06:00:00,6,2,4,0.0,65.0,62.0,63.0
2026-04-15T07:00,65,14.3,13.3,33.9,59.0,2026-04-15 07:00:00,7,2,4,0.0,65.0,61.0,63.0
2026-04-15T08:00,65,16.5,15.3,38.7,65.0,2026-04-15 08:00:00,8,2,4,0.0,65.0,61.0,63.0
2026-04-15T09:00,64,15.4,11.8,31.8,95.0,2026-04-15 09:00:00,9,2,4,-1.0,65.0,61.0,63.0
2026-04-15T10:00,64,15.5,10.0,18.9,138.0,2026-04-15 10:00:00,10,2,4,0.0,64.0,61.0,63.0
2026-04-15T11:00,64,16.2,10.4,8.9,171.0,2026-04-15 11:00:00,11,2,4,0.0,64.0,61.0,63.0
2026-04-15T12:00,64,16.6,10.9,4.8,185.0,2026-04-15 12:00:00,12,2,4,0.0,64.0,61.0,63.0
2026-04-15T13:00,64,15.9,10.5,3.6,189.0,2026-04-15 13:00:00,13,2,4,0.0,64.0,61.0,63.0
2026-04-15T14:00,72,15.3,10.1,4.4,186.0,2026-04-15 14:00:00,14,2,4,8.0,64.0,61.0,64.0
2026-04-15T15:00,98,15.0,9.8,4.5,180.0,2026-04-15 15:00:00,15,2,4,26.0,72.0,91.0,86.0
2026-04-15T16:00,124,15.3,9.7,6.7,167.0,2026-04-15 16:00:00,16,2,4,26.0,98.0,120.0,107.0
2026-04-15T17:00,145,7.1,7.1,18.9,140.0,2026-04-15 17:00:00,17,2,4,21.0,124.0,145.0,125.0
2026-04-15T18:00,154,14.3,14.3,46.3,106.0,2026-04-15 18:00:00,18,2,4,9.0,145.0,156.0,129.0
2026-04-15T19:00,148,25.2,25.2,83.8,58.0,2026-04-15 19:00:00,19,2,4,-6.0,154.0,153.0,118.0
2026-04-15T20:00,124,35.3,35.3,110.0,23.0,2026-04-15 20:00:00,20,2,4,-24.0,148.0,130.0,91.0
2026-04-15T21:00,90,39.6,39.6,116.0,9.0,2026-04-15 21:00:00,21,2,4,-34.0,124.0,94.0,69.0
2026-04-15T22:00,62,42.1,41.8,110.6,8.0,2026-04-15 22:00:00,22,2,4,-28.0,90.0,64.0,69.0
2026-04-15T23:00,62,37.7,37.1,99.2,12.0,2026-04-15 23:00:00,23,2,4,0.0,62.0,65.0,67.0
2026-04-16T00:00,63,28.6,28.2,79.9,24.0,2026-04-16 00:00:00,0,3,4,1.0,62.0,65.0,65.0
2026-04-16T01:00,63,22.1,21.9,54.5,42.0,2026-04-16 01:00:00,1,3,4,0.0,63.0,66.0,64.0
2026-04-16T02:00,63,17.3,17.1,34.3,56.0,2026-04-16 02:00:00,2,3,4,0.0,63.0,66.0,64.0
2026-04-16T03:00,62,13.6,13.4,22.8,63.0,2026-04-16 03:00:00,3,3,4,-1.0,63.0,65.0,63.0
2026-04-16T04:00,62,10.8,10.7,16.3,67.0,2026-04-16 04:00:00,4,3,4,0.0,62.0,65.0,63.0
2026-04-16T05:00,62,14.2,14.1,18.5,59.0,2026-04-16 05:00:00,5,3,4,0.0,62.0,65.0,63.0
2026-04-16T06:00,63,12.6,12.5,25.6,59.0,2026-04-16 06:00:00,6,3,4,1.0,62.0,65.0,63.0
2026-04-16T07:00,63,14.5,14.3,34.9,60.0,2026-04-16 07:00:00,7,3,4,0.0,63.0,65.0,63.0
2026-04-16T08:00,63,15.4,15.2,38.7,70.0,2026-04-16 08:00:00,8,3,4,0.0,63.0,65.0,63.0
2026-04-16T09:00,63,13.2,12.0,31.6,99.0,2026-04-16 09:00:00,9,3,4,0.0,63.0,64.0,63.0
2026-04-16T10:00,63,12.6,9.8,19.0,137.0,2026-04-16 10:00:00,10,3,4,0.0,63.0,64.0,64.0
2026-04-16T11:00,63,14.1,10.9,9.2,165.0,2026-04-16 11:00:00,11,3,4,0.0,63.0,64.0,65.0
2026-04-16T12:00,63,17.6,12.3,5.4,172.0,2026-04-16 12:00:00,12,3,4,0.0,63.0,64.0,65.0
2026-04-16T13:00,63,21.9,12.0,4.4,168.0,2026-04-16 13:00:00,13,3,4,0.0,63.0,64.0,66.0
2026-04-16T14:00,64,27.6,12.6,5.4,162.0,2026-04-16 14:00:00,14,3,4,1.0,63.0,72.0,67.0
2026-04-16T15:00,86,30.0,14.3,7.6,159.0,2026-04-16 15:00:00,15,3,4,22.0,64.0,98.0,68.0
2026-04-16T16:00,107,33.1,16.8,11.8,155.0,2026-04-16 16:00:00,16,3,4,21.0,86.0,124.0,69.0
2026-04-16T17:00,125,39.2,21.0,37.8,116.0,2026-04-16 17:00:00,17,3,4,18.0,107.0,145.0,70.0
2026-04-16T18:00,129,58.3,41.8,59.7,84.0,2026-04-16 18:00:00,18,3,4,4.0,125.0,154.0,70.0
2026-04-16T19:00,118,57.3,42.1,89.0,40.0,2026-04-16 19:00:00,19,3,4,-11.0,129.0,148.0,71.0
2026-04-16T20:00,91,47.6,36.3,103.6,12.0,2026-04-16 20:00:00,20,3,4,-27.0,118.0,124.0,66.0
2026-04-16T21:00,69,38.1,29.0,90.1,16.0,2026-04-16 21:00:00,21,3,4,-22.0,91.0,90.0,66.0
2026-04-16T22:00,69,30.7,23.5,62.0,36.0,2026-04-16 22:00:00,22,3,4,0.0,69.0,62.0,66.0
2026-04-16T23:00,67,25.7,19.6,38.1,54.0,2026-04-16 23:00:00,23,3,4,-2.0,69.0,62.0,65.0
2026-04-17T00:00,65,21.9,16.3,25.4,61.0,2026-04-17 00:00:00,0,4,4,-2.0,67.0,63.0,65.0
2026-04-17T01:00,64,19.6,14.1,16.9,66.0,2026-04-17 01:00:00,1,4,4,-1.0,65.0,63.0,65.0
2026-04-17T02:00,64,19.2,13.5,10.6,74.0,2026-04-17 02:00:00,2,4,4,0.0,64.0,63.0,65.0
2026-04-17T03:00,63,21.8,13.0,5.3,90.0,2026-04-17 03:00:00,3,4,4,-1.0,64.0,62.0,65.0
2026-04-17T04:00,63,22.0,11.8,2.2,109.0,2026-04-17 04:00:00,4,4,4,0.0,63.0,62.0,65.0
2026-04-17T05:00,63,17.6,13.1,8.0,82.0,2026-04-17 05:00:00,5,4,4,0.0,63.0,62.0,65.0
2026-04-17T06:00,63,17.5,13.1,13.7,78.0,2026-04-17 06:00:00,6,4,4,0.0,63.0,63.0,64.0
2026-04-17T07:00,63,19.1,13.9,21.5,73.0,2026-04-17 07:00:00,7,4,4,0.0,63.0,63.0,64.0
2026-04-17T08:00,63,21.9,16.9,26.5,72.0,2026-04-17 08:00:00,8,4,4,0.0,63.0,63.0,64.0
2026-04-17T09:00,63,26.0,16.8,26.6,77.0,2026-04-17 09:00:00,9,4,4,0.0,63.0,63.0,64.0
2026-04-17T10:00,64,41.4,18.6,24.0,86.0,2026-04-17 10:00:00,10,4,4,1.0,63.0,63.0,65.0
2026-04-17T11:00,65,46.6,19.1,20.2,97.0,2026-04-17 11:00:00,11,4,4,1.0,64.0,63.0,65.0
2026-04-17T12:00,65,60.3,21.7,14.7,113.0,2026-04-17 12:00:00,12,4,4,0.0,65.0,63.0,64.0
2026-04-17T13:00,66,68.9,24.0,8.1,131.0,2026-04-17 13:00:00,13,4,4,1.0,65.0,63.0,64.0
2026-04-17T14:00,67,71.9,24.2,4.0,141.0,2026-04-17 14:00:00,14,4,4,1.0,66.0,64.0,64.0
2026-04-17T15:00,68,74.3,23.6,1.9,140.0,2026-04-17 15:00:00,15,4,4,1.0,67.0,86.0,68.0
2026-04-17T16:00,69,72.2,22.4,2.2,131.0,2026-04-17 16:00:00,16,4,4,1.0,68.0,107.0,88.0
2026-04-17T17:00,70,59.8,19.7,11.0,119.0,2026-04-17 17:00:00,17,4,4,1.0,69.0,125.0,104.0
2026-04-17T18:00,70,51.0,20.2,31.0,91.0,2026-04-17 18:00:00,18,4,4,0.0,70.0,129.0,115.0
2026-04-17T19:00,71,56.7,27.8,57.8,52.0,2026-04-17 19:00:00,19,4,4,1.0,70.0,118.0,111.0
2026-04-17T20:00,66,53.6,30.7,72.5,29.0,2026-04-17 20:00:00,20,4,4,-5.0,71.0,91.0,89.0
2026-04-17T21:00,66,42.7,26.3,63.6,35.0,2026-04-17 21:00:00,21,4,4,0.0,66.0,69.0,70.0
2026-04-17T22:00,66,34.6,21.3,42.5,55.0,2026-04-17 22:00:00,22,4,4,0.0,66.0,69.0,72.0
2026-04-17T23:00,65,32.8,16.2,24.6,73.0,2026-04-17 23:00:00,23,4,4,-1.0,66.0,67.0,74.0
2026-04-18T00:00,65,37.6,14.3,15.4,83.0,2026-04-18 00:00:00,0,5,4,0.0,65.0,65.0,76.0
2026-04-18T01:00,65,36.6,13.8,9.3,90.0,2026-04-18 01:00:00,1,5,4,0.0,65.0,64.0,78.0
2026-04-18T02:00,65,34.6,13.2,5.4,94.0,2026-04-18 02:00:00,2,5,4,0.0,65.0,64.0,79.0
2026-04-18T03:00,65,30.7,12.1,3.2,96.0,2026-04-18 03:00:00,3,5,4,0.0,65.0,63.0,80.0
2026-04-18T04:00,65,25.7,10.8,3.2,95.0,2026-04-18 04:00:00,4,5,4,0.0,65.0,63.0,80.0
2026-04-18T05:00,65,18.3,9.8,10.2,69.0,2026-04-18 05:00:00,5,5,4,0.0,65.0,63.0,80.0
2026-04-18T06:00,64,22.9,11.1,15.0,64.0,2026-04-18 06:00:00,6,5,4,-1.0,65.0,63.0,80.0
2026-04-18T07:00,64,30.0,14.6,21.4,59.0,2026-04-18 07:00:00,7,5,4,0.0,64.0,63.0,79.0
2026-04-18T08:00,64,34.8,17.9,24.2,63.0,2026-04-18 08:00:00,8,5,4,0.0,64.0,63.0,79.0
2026-04-18T09:00,64,45.1,18.9,19.7,87.0,2026-04-18 09:00:00,9,5,4,0.0,64.0,63.0,79.0
2026-04-18T10:00,65,48.1,17.9,11.6,120.0,2026-04-18 10:00:00,10,5,4,1.0,64.0,64.0,78.0
2026-04-18T11:00,65,53.3,19.0,5.4,146.0,2026-04-18 11:00:00,11,5,4,0.0,65.0,65.0,78.0
2026-04-18T12:00,64,62.9,19.9,3.1,157.0,2026-04-18 12:00:00,12,5,4,-1.0,65.0,65.0,78.0
2026-04-18T13:00,64,67.5,20.1,2.8,159.0,2026-04-18 13:00:00,13,5,4,0.0,64.0,66.0,78.0
2026-04-18T14:00,64,79.9,22.6,4.1,157.0,2026-04-18 14:00:00,14,5,4,0.0,64.0,67.0,78.0
2026-04-18T15:00,68,93.8,25.3,7.2,151.0,2026-04-18 15:00:00,15,5,4,4.0,64.0,68.0,77.0
2026-04-18T16:00,88,103.4,27.4,12.0,141.0,2026-04-18 16:00:00,16,5,4,20.0,68.0,69.0,82.0
2026-04-18T17:00,104,77.8,21.7,13.9,139.0,2026-04-18 17:00:00,17,5,4,16.0,88.0,70.0,104.0
2026-04-18T18:00,115,89.6,33.4,42.9,99.0,2026-04-18 18:00:00,18,5,4,11.0,104.0,70.0,116.0
2026-04-18T19:00,111,103.1,46.7,82.4,45.0,2026-04-18 19:00:00,19,5,4,-4.0,115.0,71.0,113.0
2026-04-18T20:00,89,109.0,53.9,108.4,5.0,2026-04-18 20:00:00,20,5,4,-22.0,111.0,66.0,93.0
2026-04-18T21:00,70,103.4,51.9,109.8,0.0,2026-04-18 21:00:00,21,5,4,-19.0,89.0,66.0,73.0
2026-04-18T22:00,72,89.6,46.2,97.7,0.0,2026-04-18 22:00:00,22,5,4,2.0,70.0,66.0,73.0
2026-04-18T23:00,74,77.8,40.6,81.8,7.0,2026-04-18 23:00:00,23,5,4,2.0,72.0,65.0,73.0
2026-04-19T00:00,76,68.2,34.3,62.3,25.0,2026-04-19 00:00:00,0,6,4,2.0,74.0,65.0,73.0
2026-04-19T01:00,78,63.1,27.4,38.8,49.0,2026-04-19 01:00:00,1,6,4,2.0,76.0,65.0,74.0
2026-04-19T02:00,79,49.4,19.5,20.4,70.0,2026-04-19 02:00:00,2,6,4,1.0,78.0,65.0,74.0
2026-04-19T03:00,80,34.6,13.4,10.0,86.0,2026-04-19 03:00:00,3,6,4,1.0,79.0,65.0,75.0
2026-04-19T04:00,80,24.5,9.7,4.7,98.0,2026-04-19 04:00:00,4,6,4,0.0,80.0,65.0,75.0
2026-04-19T05:00,80,14.1,8.8,9.0,81.0,2026-04-19 05:00:00,5,6,4,0.0,80.0,65.0,76.0
2026-04-19T06:00,80,13.6,8.6,15.5,70.0,2026-04-19 06:00:00,6,6,4,0.0,80.0,64.0,76.0
2026-04-19T07:00,79,15.2,11.4,24.2,56.0,2026-04-19 07:00:00,7,6,4,-1.0,80.0,64.0,77.0
2026-04-19T08:00,79,18.8,14.1,28.5,54.0,2026-04-19 08:00:00,8,6,4,0.0,79.0,64.0,77.0
2026-04-19T09:00,79,25.1,13.2,24.3,76.0,2026-04-19 09:00:00,9,6,4,0.0,79.0,64.0,78.0
2026-04-19T10:00,78,38.3,14.3,15.8,110.0,2026-04-19 10:00:00,10,6,4,-1.0,79.0,65.0,79.0
2026-04-19T11:00,78,54.6,17.0,8.9,138.0,2026-04-19 11:00:00,11,6,4,0.0,78.0,65.0,79.0
2026-04-19T12:00,78,59.5,17.8,5.8,152.0,2026-04-19 12:00:00,12,6,4,0.0,78.0,64.0,79.0
2026-04-19T13:00,78,65.0,19.2,4.4,159.0,2026-04-19 13:00:00,13,6,4,0.0,78.0,64.0,78.0
2026-04-19T14:00,78,73.8,21.9,4.3,161.0,2026-04-19 14:00:00,14,6,4,0.0,78.0,64.0,78.0
2026-04-19T15:00,77,81.3,24.4,2.6,162.0,2026-04-19 15:00:00,15,6,4,-1.0,78.0,68.0,77.0
2026-04-19T16:00,82,85.7,26.0,2.1,158.0,2026-04-19 16:00:00,16,6,4,5.0,77.0,88.0,75.0
2026-04-19T17:00,104,57.2,18.9,11.7,132.0,2026-04-19 17:00:00,17,6,4,22.0,82.0,104.0,87.0
2026-04-19T18:00,116,53.8,23.6,35.2,96.0,2026-04-19 18:00:00,18,6,4,12.0,104.0,115.0,98.0
2026-04-19T19:00,113,59.0,29.6,67.4,47.0,2026-04-19 19:00:00,19,6,4,-3.0,116.0,111.0,97.0
2026-04-19T20:00,93,69.2,38.2,89.4,11.0,2026-04-19 20:00:00,20,6,4,-20.0,113.0,89.0,85.0
2026-04-19T21:00,73,74.5,44.5,91.8,0.0,2026-04-19 21:00:00,21,6,4,-20.0,93.0,70.0,71.0
2026-04-19T22:00,73,73.6,47.8,84.1,0.0,2026-04-19 22:00:00,22,6,4,0.0,73.0,72.0,69.0
2026-04-19T23:00,73,67.1,47.3,75.6,3.0,2026-04-19 23:00:00,23,6,4,0.0,73.0,74.0,68.0
2026-04-20T00:00,73,54.9,41.0,70.0,7.0,2026-04-20 00:00:00,0,0,4,0.0,73.0,76.0,66.0
2026-04-20T01:00,74,42.8,31.5,63.6,13.0,2026-04-20 01:00:00,1,0,4,1.0,73.0,78.0,65.0
2026-04-20T02:00,74,34.7,23.3,55.3,21.0,2026-04-20 02:00:00,2,0,4,0.0,74.0,79.0,64.0
2026-04-20T03:00,75,29.2,18.3,42.1,31.0,2026-04-20 03:00:00,3,0,4,1.0,74.0,80.0,64.0
2026-04-20T04:00,75,24.4,15.8,27.0,41.0,2026-04-20 04:00:00,4,0,4,0.0,75.0,80.0,64.0
2026-04-20T05:00,76,23.9,14.5,14.4,57.0,2026-04-20 05:00:00,5,0,4,1.0,75.0,80.0,64.0
2026-04-20T06:00,76,23.6,15.3,20.5,52.0,2026-04-20 06:00:00,6,0,4,0.0,76.0,80.0,64.0
2026-04-20T07:00,77,27.3,18.5,28.5,46.0,2026-04-20 07:00:00,7,0,4,1.0,76.0,79.0,64.0
2026-04-20T08:00,77,30.0,22.3,31.7,50.0,2026-04-20 08:00:00,8,0,4,0.0,77.0,79.0,64.0
2026-04-20T09:00,78,37.5,18.9,25.4,74.0,2026-04-20 09:00:00,9,0,4,1.0,77.0,79.0,64.0
2026-04-20T10:00,79,43.2,16.9,14.4,109.0,2026-04-20 10:00:00,10,0,4,1.0,78.0,78.0,63.0
2026-04-20T11:00,79,41.0,14.8,6.0,135.0,2026-04-20 11:00:00,11,0,4,0.0,79.0,78.0,63.0
2026-04-20T12:00,79,35.3,12.9,3.1,145.0,2026-04-20 12:00:00,12,0,4,0.0,79.0,78.0,63.0
2026-04-20T13:00,78,32.1,12.0,2.8,148.0,2026-04-20 13:00:00,13,0,4,-1.0,79.0,78.0,63.0
2026-04-20T14:00,78,30.9,11.6,3.9,146.0,2026-04-20 14:00:00,14,0,4,0.0,78.0,78.0,63.0
2026-04-20T15:00,77,31.2,11.6,4.5,143.0,2026-04-20 15:00:00,15,0,4,-1.0,78.0,77.0,63.0
2026-04-20T16:00,75,32.4,11.9,6.4,136.0,2026-04-20 16:00:00,16,0,4,-2.0,77.0,82.0,88.0
2026-04-20T17:00,87,28.1,12.9,15.9,126.0,2026-04-20 17:00:00,17,0,4,12.0,75.0,104.0,112.0
2026-04-20T18:00,98,29.7,16.6,26.1,106.0,2026-04-20 18:00:00,18,0,4,11.0,87.0,116.0,126.0
2026-04-20T19:00,97,33.4,20.0,40.5,78.0,2026-04-20 19:00:00,19,0,4,-1.0,98.0,113.0,123.0
2026-04-20T20:00,85,37.8,23.2,53.1,54.0,2026-04-20 20:00:00,20,0,4,-12.0,97.0,93.0,103.0
2026-04-20T21:00,71,41.9,27.9,63.5,36.0,2026-04-20 21:00:00,21,0,4,-14.0,85.0,73.0,71.0
2026-04-20T22:00,69,43.2,30.9,72.2,21.0,2026-04-20 22:00:00,22,0,4,-2.0,71.0,73.0,68.0
2026-04-20T23:00,68,41.7,30.6,74.4,13.0,2026-04-20 23:00:00,23,0,4,-1.0,69.0,73.0,69.0
2026-04-21T00:00,66,36.8,27.2,65.9,17.0,2026-04-21 00:00:00,0,1,4,-2.0,68.0,73.0,70.0
2026-04-21T01:00,65,31.0,23.0,51.0,29.0,2026-04-21 01:00:00,1,1,4,-1.0,66.0,74.0,70.0
2026-04-21T02:00,64,26.4,19.5,37.9,39.0,2026-04-21 02:00:00,2,1,4,-1.0,65.0,74.0,70.0
2026-04-21T03:00,64,23.1,16.8,28.6,46.0,2026-04-21 03:00:00,3,1,4,0.0,64.0,75.0,70.0
2026-04-21T04:00,64,21.1,15.1,21.2,51.0,2026-04-21 04:00:00,4,1,4,0.0,64.0,75.0,70.0
2026-04-21T05:00,64,18.7,14.8,19.9,42.0,2026-04-21 05:00:00,5,1,4,0.0,64.0,76.0,70.0
2026-04-21T06:00,64,18.5,14.8,25.4,39.0,2026-04-21 06:00:00,6,1,4,0.0,64.0,76.0,70.0
2026-04-21T07:00,64,21.0,16.9,32.7,37.0,2026-04-21 07:00:00,7,1,4,0.0,64.0,77.0,69.0
2026-04-21T08:00,64,25.8,20.7,35.3,46.0,2026-04-21 08:00:00,8,1,4,0.0,64.0,77.0,69.0
2026-04-21T09:00,64,29.2,15.4,28.7,75.0,2026-04-21 09:00:00,9,1,4,0.0,64.0,78.0,69.0
2026-04-21T10:00,63,27.9,13.4,17.5,115.0,2026-04-21 10:00:00,10,1,4,-1.0,64.0,79.0,69.0
2026-04-21T11:00,63,26.4,13.5,8.7,146.0,2026-04-21 11:00:00,11,1,4,0.0,63.0,79.0,69.0
2026-04-21T12:00,63,25.4,13.6,5.1,161.0,2026-04-21 12:00:00,12,1,4,0.0,63.0,79.0,68.0
2026-04-21T13:00,63,24.1,12.9,3.9,166.0,2026-04-21 13:00:00,13,1,4,0.0,63.0,78.0,68.0
2026-04-21T14:00,63,23.2,12.3,4.2,167.0,2026-04-21 14:00:00,14,1,4,0.0,63.0,78.0,67.0
2026-04-21T15:00,63,22.8,11.6,2.5,166.0,2026-04-21 15:00:00,15,1,4,0.0,63.0,77.0,67.0
2026-04-21T16:00,88,22.5,11.2,2.2,159.0,2026-04-21 16:00:00,16,1,4,25.0,63.0,75.0,91.0
2026-04-21T17:00,112,21.5,12.2,14.5,141.0,2026-04-21 17:00:00,17,1,4,24.0,88.0,87.0,114.0
2026-04-21T18:00,126,29.6,21.0,45.6,102.0,2026-04-21 18:00:00,18,1,4,14.0,112.0,98.0,126.0
2026-04-21T19:00,123,42.3,33.3,88.1,49.0,2026-04-21 19:00:00,19,1,4,-3.0,126.0,97.0,123.0
2026-04-21T20:00,103,53.0,43.3,116.7,10.0,2026-04-21 20:00:00,20,1,4,-20.0,123.0,85.0,102.0
2026-04-21T21:00,71,56.5,46.8,119.7,0.0,2026-04-21 21:00:00,21,1,4,-32.0,103.0,71.0,70.0
2026-04-21T22:00,68,52.5,45.8,108.9,0.0,2026-04-21 22:00:00,22,1,4,-3.0,71.0,69.0,67.0
2026-04-21T23:00,69,42.7,38.2,94.2,6.0,2026-04-21 23:00:00,23,1,4,1.0,68.0,68.0,67.0
2026-04-22T00:00,70,32.9,29.3,76.2,19.0,2026-04-22 00:00:00,0,2,4,1.0,69.0,66.0,67.0
2026-04-22T01:00,70,25.8,22.5,54.2,37.0,2026-04-22 01:00:00,1,2,4,0.0,70.0,65.0,67.0
2026-04-22T02:00,70,20.8,17.8,36.4,52.0,2026-04-22 02:00:00,2,2,4,0.0,70.0,64.0,67.0
2026-04-22T03:00,70,17.3,14.6,25.1,59.0,2026-04-22 03:00:00,3,2,4,0.0,70.0,64.0,67.0
2026-04-22T04:00,70,14.9,12.1,17.9,63.0,2026-04-22 04:00:00,4,2,4,0.0,70.0,64.0,67.0
2026-04-22T05:00,70,18.7,15.9,24.2,47.0,2026-04-22 05:00:00,5,2,4,0.0,70.0,64.0,66.0
2026-04-22T06:00,70,16.5,13.5,30.9,47.0,2026-04-22 06:00:00,6,2,4,0.0,70.0,64.0,66.0
2026-04-22T07:00,69,17.5,14.4,39.6,48.0,2026-04-22 07:00:00,7,2,4,-1.0,70.0,64.0,66.0
2026-04-22T08:00,69,22.2,19.0,42.2,58.0,2026-04-22 08:00:00,8,2,4,0.0,69.0,64.0,67.0
2026-04-22T09:00,69,21.8,12.4,32.7,86.0,2026-04-22 09:00:00,9,2,4,0.0,69.0,64.0,67.0
2026-04-22T10:00,69,20.8,9.8,17.2,122.0,2026-04-22 10:00:00,10,2,4,0.0,69.0,63.0,67.0
2026-04-22T11:00,69,20.4,9.0,5.5,150.0,2026-04-22 11:00:00,11,2,4,0.0,69.0,63.0,68.0
2026-04-22T12:00,68,20.8,9.1,2.1,160.0,2026-04-22 12:00:00,12,2,4,-1.0,69.0,63.0,69.0
2026-04-22T13:00,68,21.3,9.9,2.5,160.0,2026-04-22 13:00:00,13,2,4,0.0,68.0,63.0,70.0
2026-04-22T14:00,67,22.5,11.0,3.8,159.0,2026-04-22 14:00:00,14,2,4,-1.0,68.0,63.0,71.0
2026-04-22T15:00,67,24.6,12.2,1.9,162.0,2026-04-22 15:00:00,15,2,4,0.0,67.0,63.0,72.0
2026-04-22T16:00,91,26.7,13.2,0.9,163.0,2026-04-22 16:00:00,16,2,4,24.0,67.0,88.0,99.0
2026-04-22T17:00,114,21.6,11.2,10.1,145.0,2026-04-22 17:00:00,17,2,4,23.0,91.0,112.0,127.0
2026-04-22T18:00,126,30.5,20.4,44.0,105.0,2026-04-22 18:00:00,18,2,4,12.0,114.0,126.0,142.0
2026-04-22T19:00,123,44.0,33.8,90.3,51.0,2026-04-22 19:00:00,19,2,4,-3.0,126.0,123.0,142.0
2026-04-22T20:00,102,51.5,41.3,121.3,11.0,2026-04-22 20:00:00,20,2,4,-21.0,123.0,103.0,125.0
2026-04-22T21:00,70,54.9,45.6,123.9,0.0,2026-04-22 21:00:00,21,2,4,-32.0,102.0,71.0,99.0
2026-04-22T22:00,67,52.9,45.8,111.4,0.0,2026-04-22 22:00:00,22,2,4,-3.0,70.0,68.0,74.0
2026-04-22T23:00,67,41.4,36.8,95.6,6.0,2026-04-22 23:00:00,23,2,4,0.0,67.0,69.0,74.0
2026-04-23T00:00,67,30.9,27.2,78.3,17.0,2026-04-23 00:00:00,0,3,4,0.0,67.0,70.0,74.0
2026-04-23T01:00,67,24.0,21.1,57.7,33.0,2026-04-23 01:00:00,1,3,4,0.0,67.0,70.0,75.0
2026-04-23T02:00,67,19.2,16.5,40.9,45.0,2026-04-23 02:00:00,2,3,4,0.0,67.0,70.0,76.0
2026-04-23T03:00,67,15.7,13.0,30.1,51.0,2026-04-23 03:00:00,3,3,4,0.0,67.0,70.0,77.0
2026-04-23T04:00,67,13.2,10.7,23.1,53.0,2026-04-23 04:00:00,4,3,4,0.0,67.0,70.0,77.0
2026-04-23T05:00,66,18.2,15.0,19.1,59.0,2026-04-23 05:00:00,5,3,4,-1.0,67.0,70.0,78.0
2026-04-23T06:00,66,17.3,14.8,27.4,47.0,2026-04-23 06:00:00,6,3,4,0.0,66.0,70.0,78.0
2026-04-23T07:00,66,19.8,17.5,38.5,32.0,2026-04-23 07:00:00,7,3,4,0.0,66.0,69.0,78.0
2026-04-23T08:00,67,24.7,22.3,43.5,34.0,2026-04-23 08:00:00,8,3,4,1.0,66.0,69.0,78.0
2026-04-23T09:00,67,24.0,18.1,36.8,68.0,2026-04-23 09:00:00,9,3,4,0.0,67.0,69.0,78.0
2026-04-23T10:00,67,24.4,16.7,24.1,119.0,2026-04-23 10:00:00,10,3,4,0.0,67.0,69.0,78.0
2026-04-23T11:00,68,30.6,18.0,13.7,158.0,2026-04-23 11:00:00,11,3,4,1.0,67.0,69.0,79.0
2026-04-23T12:00,69,36.2,20.3,8.7,175.0,2026-04-23 12:00:00,12,3,4,1.0,68.0,68.0,79.0
2026-04-23T13:00,70,47.4,21.8,6.0,181.0,2026-04-23 13:00:00,13,3,4,1.0,69.0,68.0,79.0
2026-04-23T14:00,71,56.6,22.5,5.1,181.0,2026-04-23 14:00:00,14,3,4,1.0,70.0,67.0,80.0
2026-04-23T15:00,72,57.5,23.2,5.5,176.0,2026-04-23 15:00:00,15,3,4,1.0,71.0,67.0,80.0
2026-04-23T16:00,99,59.5,23.2,7.8,165.0,2026-04-23 16:00:00,16,3,4,27.0,72.0,91.0,81.0
2026-04-23T17:00,127,48.7,20.3,12.9,141.0,2026-04-23 17:00:00,17,3,4,28.0,99.0,114.0,92.0
2026-04-23T18:00,142,47.0,25.0,31.1,116.0,2026-04-23 18:00:00,18,3,4,15.0,127.0,126.0,102.0
2026-04-23T19:00,142,49.0,31.4,56.2,80.0,2026-04-23 19:00:00,19,3,4,0.0,142.0,123.0,99.0
2026-04-23T20:00,125,51.9,36.2,75.4,51.0,2026-04-23 20:00:00,20,3,4,-17.0,142.0,102.0,83.0
2026-04-23T21:00,99,55.2,40.0,84.2,34.0,2026-04-23 21:00:00,21,3,4,-26.0,125.0,70.0,82.0
2026-04-23T22:00,74,57.5,42.6,87.2,23.0,2026-04-23 22:00:00,22,3,4,-25.0,99.0,67.0,81.0
2026-04-23T23:00,74,55.2,41.0,84.8,17.0,2026-04-23 23:00:00,23,3,4,0.0,74.0,67.0,80.0
2026-04-24T00:00,74,49.2,36.0,75.0,17.0,2026-04-24 00:00:00,0,4,4,0.0,74.0,67.0,78.0
2026-04-24T01:00,75,43.5,31.1,59.9,22.0,2026-04-24 01:00:00,1,4,4,1.0,74.0,67.0,76.0
2026-04-24T02:00,76,38.5,26.8,46.5,27.0,2026-04-24 02:00:00,2,4,4,1.0,75.0,67.0,75.0
2026-04-24T03:00,77,34.2,23.1,36.4,29.0,2026-04-24 03:00:00,3,4,4,1.0,76.0,67.0,74.0
2026-04-24T04:00,77,31.0,20.5,28.1,31.0,2026-04-24 04:00:00,4,4,4,0.0,77.0,67.0,73.0
2026-04-24T05:00,78,29.3,14.6,4.4,96.0,2026-04-24 05:00:00,5,4,4,1.0,77.0,66.0,73.0
2026-04-24T06:00,78,27.8,15.1,11.3,85.0,2026-04-24 06:00:00,6,4,4,0.0,78.0,66.0,73.0
2026-04-24T07:00,78,27.4,17.7,20.7,72.0,2026-04-24 07:00:00,7,4,4,0.0,78.0,66.0,73.0
2026-04-24T08:00,78,33.8,20.7,25.7,69.0,2026-04-24 08:00:00,8,4,4,0.0,78.0,67.0,73.0
2026-04-24T09:00,78,48.4,21.1,22.4,88.0,2026-04-24 09:00:00,9,4,4,0.0,78.0,67.0,73.0
2026-04-24T10:00,78,53.6,21.3,14.7,118.0,2026-04-24 10:00:00,10,4,4,0.0,78.0,67.0,74.0
2026-04-24T11:00,79,56.8,20.6,8.5,140.0,2026-04-24 11:00:00,11,4,4,1.0,78.0,68.0,74.0
2026-04-24T12:00,79,79.2,23.8,5.5,148.0,2026-04-24 12:00:00,12,4,4,0.0,79.0,69.0,75.0
2026-04-24T13:00,79,105.0,27.2,3.8,148.0,2026-04-24 13:00:00,13,4,4,0.0,79.0,70.0,75.0
2026-04-24T14:00,80,117.8,29.0,3.8,145.0,2026-04-24 14:00:00,14,4,4,1.0,79.0,71.0,75.0
2026-04-24T15:00,80,109.2,28.9,5.5,141.0,2026-04-24 15:00:00,15,4,4,0.0,80.0,72.0,75.0
2026-04-24T16:00,81,86.1,27.5,8.9,133.0,2026-04-24 16:00:00,16,4,4,1.0,80.0,99.0,74.0
2026-04-24T17:00,92,78.5,25.4,12.4,132.0,2026-04-24 17:00:00,17,4,4,11.0,81.0,127.0,88.0
2026-04-24T18:00,102,74.0,26.2,30.8,105.0,2026-04-24 18:00:00,18,4,4,10.0,92.0,142.0,98.0
2026-04-24T19:00,99,70.5,30.7,55.3,67.0,2026-04-24 19:00:00,19,4,4,-3.0,102.0,142.0,99.0
2026-04-24T20:00,83,76.6,37.3,67.9,44.0,2026-04-24 20:00:00,20,4,4,-16.0,99.0,125.0,89.0
2026-04-24T21:00,82,66.1,35.0,56.9,48.0,2026-04-24 21:00:00,21,4,4,-1.0,83.0,99.0,71.0
2026-04-24T22:00,81,54.6,24.9,33.9,66.0,2026-04-24 22:00:00,22,4,4,-1.0,82.0,74.0,68.0
2026-04-24T23:00,80,56.9,19.7,15.6,81.0,2026-04-24 23:00:00,23,4,4,-1.0,81.0,74.0,69.0
2026-04-25T00:00,78,53.1,17.7,8.6,87.0,2026-04-25 00:00:00,0,5,4,-2.0,80.0,74.0,70.0
2026-04-25T01:00,76,45.4,15.9,6.2,90.0,2026-04-25 01:00:00,1,5,4,-2.0,78.0,75.0,71.0
2026-04-25T02:00,75,41.7,15.0,5.1,91.0,2026-04-25 02:00:00,2,5,4,-1.0,76.0,76.0,72.0
2026-04-25T03:00,74,44.8,15.7,4.1,88.0,2026-04-25 03:00:00,3,5,4,-1.0,75.0,77.0,73.0
2026-04-25T04:00,73,46.9,16.6,4.4,83.0,2026-04-25 04:00:00,4,5,4,-1.0,74.0,77.0,73.0
2026-04-25T05:00,73,35.4,16.4,11.9,63.0,2026-04-25 05:00:00,5,5,4,0.0,73.0,78.0,74.0
2026-04-25T06:00,73,29.7,15.4,16.9,60.0,2026-04-25 06:00:00,6,5,4,0.0,73.0,78.0,73.0
2026-04-25T07:00,73,26.4,18.5,23.5,57.0,2026-04-25 07:00:00,7,5,4,0.0,73.0,78.0,73.0
2026-04-25T08:00,73,41.3,20.8,26.3,61.0,2026-04-25 08:00:00,8,5,4,0.0,73.0,78.0,73.0
2026-04-25T09:00,73,73.8,24.7,21.5,80.0,2026-04-25 09:00:00,9,5,4,0.0,73.0,78.0,73.0
2026-04-25T10:00,74,100.1,27.1,12.9,106.0,2026-04-25 10:00:00,10,5,4,1.0,73.0,78.0,72.0
2026-04-25T11:00,74,92.7,26.4,6.2,128.0,2026-04-25 11:00:00,11,5,4,0.0,74.0,79.0,71.0
2026-04-25T12:00,75,88.9,27.0,3.8,140.0,2026-04-25 12:00:00,12,5,4,1.0,74.0,79.0,69.0
2026-04-25T13:00,75,88.5,27.4,3.4,148.0,2026-04-25 13:00:00,13,5,4,0.0,75.0,79.0,68.0
2026-04-25T14:00,75,85.9,27.0,3.6,150.0,2026-04-25 14:00:00,14,5,4,0.0,75.0,80.0,66.0
2026-04-25T15:00,75,77.5,24.7,2.5,148.0,2026-04-25 15:00:00,15,5,4,0.0,75.0,80.0,65.0
2026-04-25T16:00,74,66.1,21.5,2.0,140.0,2026-04-25 16:00:00,16,5,4,-1.0,75.0,81.0,77.0
2026-04-25T17:00,88,33.9,12.3,7.2,130.0,2026-04-25 17:00:00,17,5,4,14.0,74.0,92.0,97.0
2026-04-25T18:00,98,29.2,11.7,19.3,110.0,2026-04-25 18:00:00,18,5,4,10.0,88.0,102.0,111.0
2026-04-25T19:00,99,30.5,17.1,36.3,81.0,2026-04-25 19:00:00,19,5,4,1.0,98.0,99.0,113.0
2026-04-25T20:00,89,35.7,21.8,51.0,56.0,2026-04-25 20:00:00,20,5,4,-10.0,99.0,83.0,105.0
2026-04-25T21:00,71,43.2,26.5,62.4,38.0,2026-04-25 21:00:00,21,5,4,-18.0,89.0,82.0,89.0
2026-04-25T22:00,68,51.5,31.3,71.5,23.0,2026-04-25 22:00:00,22,5,4,-3.0,71.0,81.0,66.0
2026-04-25T23:00,69,53.9,34.5,74.7,14.0,2026-04-25 23:00:00,23,5,4,1.0,68.0,80.0,58.0
2026-04-26T00:00,70,47.5,32.6,68.3,14.0,2026-04-26 00:00:00,0,6,4,1.0,69.0,78.0,58.0
2026-04-26T01:00,71,39.0,27.6,56.0,20.0,2026-04-26 01:00:00,1,6,4,1.0,70.0,76.0,57.0
2026-04-26T02:00,72,32.6,23.4,44.8,25.0,2026-04-26 02:00:00,2,6,4,1.0,71.0,75.0,56.0
2026-04-26T03:00,73,26.8,20.1,36.3,26.0,2026-04-26 03:00:00,3,6,4,1.0,72.0,74.0,56.0
2026-04-26T04:00,73,22.4,17.5,28.9,25.0,2026-04-26 04:00:00,4,6,4,0.0,73.0,73.0,55.0
2026-04-26T05:00,74,21.4,15.8,27.5,32.0,2026-04-26 05:00:00,5,6,4,1.0,73.0,73.0,55.0
2026-04-26T06:00,73,18.2,14.5,29.4,37.0,2026-04-26 06:00:00,6,6,4,-1.0,74.0,73.0,55.0
2026-04-26T07:00,73,20.0,17.0,31.7,45.0,2026-04-26 07:00:00,7,6,4,0.0,73.0,73.0,55.0
2026-04-26T08:00,73,26.0,17.8,30.8,59.0,2026-04-26 08:00:00,8,6,4,0.0,73.0,73.0,56.0
2026-04-26T09:00,73,30.5,14.6,23.5,83.0,2026-04-26 09:00:00,9,6,4,0.0,73.0,73.0,55.0
2026-04-26T10:00,72,27.4,12.5,12.9,112.0,2026-04-26 10:00:00,10,6,4,-1.0,73.0,74.0,55.0
2026-04-26T11:00,71,24.1,10.5,5.0,135.0,2026-04-26 11:00:00,11,6,4,-1.0,72.0,74.0,54.0
2026-04-26T12:00,69,22.2,10.0,2.5,146.0,2026-04-26 12:00:00,12,6,4,-2.0,71.0,75.0,54.0
2026-04-26T13:00,68,20.8,9.7,2.7,151.0,2026-04-26 13:00:00,13,6,4,-1.0,69.0,75.0,53.0
2026-04-26T14:00,66,19.6,9.4,3.5,152.0,2026-04-26 14:00:00,14,6,4,-2.0,68.0,75.0,55.0
2026-04-26T15:00,65,18.6,9.0,2.9,153.0,2026-04-26 15:00:00,15,6,4,-1.0,66.0,75.0,84.0
2026-04-26T16:00,77,17.9,8.7,2.9,151.0,2026-04-26 16:00:00,16,6,4,12.0,65.0,74.0,109.0
2026-04-26T17:00,97,4.8,4.4,7.4,147.0,2026-04-26 17:00:00,17,6,4,20.0,77.0,88.0,127.0
2026-04-26T18:00,111,5.6,5.0,17.6,126.0,2026-04-26 18:00:00,18,6,4,14.0,97.0,98.0,139.0
2026-04-26T19:00,113,10.3,9.9,32.2,96.0,2026-04-26 19:00:00,19,6,4,2.0,111.0,99.0,136.0
2026-04-26T20:00,105,14.1,13.7,46.3,68.0,2026-04-26 20:00:00,20,6,4,-8.0,113.0,89.0,116.0
2026-04-26T21:00,89,19.8,19.2,60.9,44.0,2026-04-26 21:00:00,21,6,4,-16.0,105.0,71.0,84.0
2026-04-26T22:00,66,27.2,26.2,75.2,22.0,2026-04-26 22:00:00,22,6,4,-23.0,89.0,68.0,63.0
2026-04-26T23:00,58,28.5,27.6,81.4,9.0,2026-04-26 23:00:00,23,6,4,-8.0,66.0,69.0,61.0
2026-04-27T00:00,58,24.1,23.3,73.8,12.0,2026-04-27 00:00:00,0,0,4,0.0,58.0,70.0,62.0
2026-04-27T01:00,57,20.0,19.4,58.2,25.0,2026-04-27 01:00:00,1,0,4,-1.0,58.0,71.0,63.0
2026-04-27T02:00,56,17.0,16.5,44.6,35.0,2026-04-27 02:00:00,2,0,4,-1.0,57.0,72.0,63.0
2026-04-27T03:00,56,14.6,14.1,35.7,39.0,2026-04-27 03:00:00,3,0,4,0.0,56.0,73.0,64.0
2026-04-27T04:00,55,13.0,12.5,28.8,41.0,2026-04-27 04:00:00,4,0,4,-1.0,56.0,73.0,65.0
2026-04-27T05:00,55,20.8,20.2,43.7,12.0,2026-04-27 05:00:00,5,0,4,0.0,55.0,74.0,65.0
2026-04-27T06:00,55,19.0,18.3,41.7,29.0,2026-04-27 06:00:00,6,0,4,0.0,55.0,73.0,65.0
2026-04-27T07:00,55,18.7,18.0,38.6,54.0,2026-04-27 07:00:00,7,0,4,0.0,55.0,73.0,64.0
2026-04-27T08:00,56,15.2,14.5,33.6,79.0,2026-04-27 08:00:00,8,0,4,1.0,55.0,73.0,64.0
2026-04-27T09:00,55,8.6,8.1,24.8,106.0,2026-04-27 09:00:00,9,0,4,-1.0,56.0,73.0,65.0
2026-04-27T10:00,55,7.9,6.6,14.0,133.0,2026-04-27 10:00:00,10,0,4,0.0,55.0,72.0,65.0
2026-04-27T11:00,54,7.8,5.9,6.2,154.0,2026-04-27 11:00:00,11,0,4,-1.0,55.0,71.0,66.0
2026-04-27T12:00,54,7.8,5.9,3.6,164.0,2026-04-27 12:00:00,12,0,4,0.0,54.0,69.0,67.0
2026-04-27T13:00,53,8.8,6.4,3.9,167.0,2026-04-27 13:00:00,13,0,4,-1.0,54.0,68.0,68.0
2026-04-27T14:00,55,10.1,6.9,4.8,167.0,2026-04-27 14:00:00,14,0,4,2.0,53.0,66.0,69.0
2026-04-27T15:00,84,11.9,7.2,3.1,168.0,2026-04-27 15:00:00,15,0,4,29.0,55.0,65.0,70.0
2026-04-27T16:00,109,14.1,7.7,2.0,166.0,2026-04-27 16:00:00,16,0,4,25.0,84.0,77.0,85.0
2026-04-27T17:00,127,11.5,7.2,7.4,163.0,2026-04-27 17:00:00,17,0,4,18.0,109.0,97.0,98.0
2026-04-27T18:00,139,14.1,9.7,46.3,119.0,2026-04-27 18:00:00,18,0,4,12.0,127.0,111.0,103.0
2026-04-27T19:00,136,30.6,26.3,99.4,59.0,2026-04-27 19:00:00,19,0,4,-3.0,139.0,113.0,99.0
2026-04-27T20:00,116,44.9,40.5,135.1,14.0,2026-04-27 20:00:00,20,0,4,-20.0,136.0,105.0,88.0
2026-04-27T21:00,84,50.5,46.1,138.2,0.0,2026-04-27 21:00:00,21,0,4,-32.0,116.0,89.0,73.0
2026-04-27T22:00,63,49.6,45.1,124.0,0.0,2026-04-27 22:00:00,22,0,4,-21.0,84.0,66.0,69.0
2026-04-27T23:00,61,43.5,39.1,106.8,5.0,2026-04-27 23:00:00,23,0,4,-2.0,63.0,58.0,67.0
2026-04-28T00:00,62,36.1,32.2,89.3,11.0,2026-04-28 00:00:00,0,1,4,1.0,61.0,58.0,65.0
2026-04-28T01:00,63,28.3,25.1,68.9,20.0,2026-04-28 01:00:00,1,1,4,1.0,62.0,57.0,64.0
2026-04-28T02:00,63,24.9,21.8,51.8,30.0,2026-04-28 02:00:00,2,1,4,0.0,63.0,56.0,63.0
2026-04-28T03:00,64,23.7,20.8,40.1,39.0,2026-04-28 03:00:00,3,1,4,1.0,63.0,56.0,62.0
2026-04-28T04:00,65,21.4,18.1,31.8,47.0,2026-04-28 04:00:00,4,1,4,1.0,64.0,55.0,62.0
2026-04-28T05:00,65,20.0,15.7,14.2,65.0,2026-04-28 05:00:00,5,1,4,0.0,65.0,55.0,62.0
2026-04-28T06:00,65,20.1,14.9,18.0,67.0,2026-04-28 06:00:00,6,1,4,0.0,65.0,55.0,63.0
2026-04-28T07:00,64,22.4,16.9,22.9,71.0,2026-04-28 07:00:00,7,1,4,-1.0,65.0,55.0,63.0
2026-04-28T08:00,64,25.3,18.1,24.5,80.0,2026-04-28 08:00:00,8,1,4,0.0,64.0,56.0,63.0
2026-04-28T09:00,65,25.1,15.9,19.2,100.0,2026-04-28 09:00:00,9,1,4,1.0,64.0,55.0,63.0
2026-04-28T10:00,65,25.1,13.9,10.6,126.0,2026-04-28 10:00:00,10,1,4,0.0,65.0,55.0,63.0
2026-04-28T11:00,66,28.3,14.5,4.4,144.0,2026-04-28 11:00:00,11,1,4,1.0,65.0,54.0,62.0
2026-04-28T12:00,67,31.4,17.3,3.4,149.0,2026-04-28 12:00:00,12,1,4,1.0,66.0,54.0,62.0
2026-04-28T13:00,68,36.7,21.2,4.9,146.0,2026-04-28 13:00:00,13,1,4,1.0,67.0,53.0,61.0
2026-04-28T14:00,69,40.3,22.9,6.5,142.0,2026-04-28 14:00:00,14,1,4,1.0,68.0,55.0,60.0
2026-04-28T15:00,70,42.4,23.7,5.1,142.0,2026-04-28 15:00:00,15,1,4,1.0,69.0,84.0,58.0
2026-04-28T16:00,85,45.9,24.4,3.8,140.0,2026-04-28 16:00:00,16,1,4,15.0,70.0,109.0,57.0
2026-04-28T17:00,98,25.3,14.1,13.4,121.0,2026-04-28 17:00:00,17,1,4,13.0,85.0,127.0,67.0
2026-04-28T18:00,103,27.0,16.5,18.6,109.0,2026-04-28 18:00:00,18,1,4,5.0,98.0,139.0,78.0
2026-04-28T19:00,99,25.0,17.1,25.7,92.0,2026-04-28 19:00:00,19,1,4,-4.0,103.0,136.0,77.0
2026-04-28T20:00,88,24.0,17.1,31.2,78.0,2026-04-28 20:00:00,20,1,4,-11.0,99.0,116.0,65.0
2026-04-28T21:00,73,24.7,18.5,34.1,69.0,2026-04-28 21:00:00,21,1,4,-15.0,88.0,84.0,55.0
2026-04-28T22:00,69,27.2,20.7,35.5,62.0,2026-04-28 22:00:00,22,1,4,-4.0,73.0,63.0,56.0
2026-04-28T23:00,67,26.8,19.7,34.5,58.0,2026-04-28 23:00:00,23,1,4,-2.0,69.0,61.0,58.0
2026-04-29T00:00,65,23.7,15.5,29.5,59.0,2026-04-29 00:00:00,0,2,4,-2.0,67.0,62.0,60.0
2026-04-29T01:00,64,23.5,14.6,22.1,63.0,2026-04-29 01:00:00,1,2,4,-1.0,65.0,63.0,62.0
2026-04-29T02:00,63,24.4,15.5,17.1,63.0,2026-04-29 02:00:00,2,2,4,-1.0,64.0,63.0,64.0
2026-04-29T03:00,62,24.3,17.1,16.7,54.0,2026-04-29 03:00:00,3,2,4,-1.0,63.0,64.0,65.0
2026-04-29T04:00,62,22.6,17.5,18.6,40.0,2026-04-29 04:00:00,4,2,4,0.0,62.0,65.0,65.0
2026-04-29T05:00,62,26.8,21.7,32.1,26.0,2026-04-29 05:00:00,5,2,4,0.0,62.0,65.0,66.0
2026-04-29T06:00,63,23.2,16.9,35.1,30.0,2026-04-29 06:00:00,6,2,4,1.0,62.0,65.0,65.0
2026-04-29T07:00,63,23.7,17.9,38.8,36.0,2026-04-29 07:00:00,7,2,4,0.0,63.0,64.0,64.0
2026-04-29T08:00,63,27.5,20.8,38.0,49.0,2026-04-29 08:00:00,8,2,4,0.0,63.0,64.0,64.0
2026-04-29T09:00,63,26.7,12.0,28.2,74.0,2026-04-29 09:00:00,9,2,4,0.0,63.0,65.0,63.0
2026-04-29T10:00,63,22.4,8.9,13.8,104.0,2026-04-29 10:00:00,10,2,4,0.0,63.0,65.0,62.0
2026-04-29T11:00,62,20.5,7.9,3.3,126.0,2026-04-29 11:00:00,11,2,4,-1.0,63.0,66.0,62.0
2026-04-29T12:00,62,21.5,8.2,0.6,132.0,2026-04-29 12:00:00,12,2,4,0.0,62.0,67.0,63.0
2026-04-29T13:00,61,23.0,8.6,1.7,128.0,2026-04-29 13:00:00,13,2,4,-1.0,62.0,68.0,63.0
2026-04-29T14:00,60,23.1,8.6,3.3,125.0,2026-04-29 14:00:00,14,2,4,-1.0,61.0,69.0,75.0
2026-04-29T15:00,58,23.0,8.6,3.4,126.0,2026-04-29 15:00:00,15,2,4,-2.0,60.0,70.0,90.0
2026-04-29T16:00,57,23.0,8.7,3.9,127.0,2026-04-29 16:00:00,16,2,4,-1.0,58.0,85.0,104.0
2026-04-29T17:00,67,16.4,6.7,6.6,125.0,2026-04-29 17:00:00,17,2,4,10.0,57.0,98.0,116.0
2026-04-29T18:00,78,17.2,7.4,25.0,101.0,2026-04-29 18:00:00,18,2,4,11.0,67.0,103.0,126.0
2026-04-29T19:00,77,24.0,15.1,50.6,67.0,2026-04-29 19:00:00,19,2,4,-1.0,78.0,99.0,126.0
2026-04-29T20:00,65,34.9,25.2,71.3,39.0,2026-04-29 20:00:00,20,2,4,-12.0,77.0,88.0,116.0
2026-04-29T21:00,55,43.8,33.2,83.5,21.0,2026-04-29 21:00:00,21,2,4,-10.0,65.0,73.0,97.0
2026-04-29T22:00,56,50.1,39.0,90.8,9.0,2026-04-29 22:00:00,22,2,4,1.0,55.0,69.0,73.0
2026-04-29T23:00,58,53.2,43.3,91.6,3.0,2026-04-29 23:00:00,23,2,4,2.0,56.0,67.0,67.0
2026-04-30T00:00,60,47.7,40.6,83.2,5.0,2026-04-30 00:00:00,0,3,4,2.0,58.0,65.0,67.0
2026-04-30T01:00,62,38.0,33.2,68.4,14.0,2026-04-30 01:00:00,1,3,4,2.0,60.0,64.0,66.0
2026-04-30T02:00,64,30.9,26.4,54.2,22.0,2026-04-30 02:00:00,2,3,4,2.0,62.0,63.0,65.0
2026-04-30T03:00,65,27.6,23.4,42.1,27.0,2026-04-30 03:00:00,3,3,4,1.0,64.0,62.0,64.0
2026-04-30T04:00,65,25.3,21.4,30.7,33.0,2026-04-30 04:00:00,4,3,4,0.0,65.0,62.0,64.0
2026-04-30T05:00,66,16.0,12.8,12.2,77.0,2026-04-30 05:00:00,5,3,4,1.0,65.0,62.0,63.0
2026-04-30T06:00,65,13.4,10.1,13.9,81.0,2026-04-30 06:00:00,6,3,4,-1.0,66.0,63.0,63.0
2026-04-30T07:00,64,14.0,11.0,16.0,88.0,2026-04-30 07:00:00,7,3,4,-1.0,65.0,63.0,63.0
2026-04-30T08:00,64,15.2,10.2,16.3,98.0,2026-04-30 08:00:00,8,3,4,0.0,64.0,63.0,64.0
2026-04-30T09:00,63,15.8,9.1,13.1,115.0,2026-04-30 09:00:00,9,3,4,-1.0,64.0,63.0,64.0
2026-04-30T10:00,62,16.8,8.9,8.0,136.0,2026-04-30 10:00:00,10,3,4,-1.0,63.0,63.0,64.0
2026-04-30T11:00,62,18.7,9.7,4.4,151.0,2026-04-30 11:00:00,11,3,4,0.0,62.0,62.0,64.0
2026-04-30T12:00,63,20.8,11.1,3.6,155.0,2026-04-30 12:00:00,12,3,4,1.0,62.0,62.0,65.0
2026-04-30T13:00,63,22.2,11.9,4.1,154.0,2026-04-30 13:00:00,13,3,4,0.0,63.0,61.0,65.0
2026-04-30T14:00,75,25.5,14.3,5.0,152.0,2026-04-30 14:00:00,14,3,4,12.0,63.0,60.0,76.0
2026-04-30T15:00,90,26.7,15.5,4.4,154.0,2026-04-30 15:00:00,15,3,4,15.0,75.0,58.0,101.0
2026-04-30T16:00,104,26.5,15.6,4.1,156.0,2026-04-30 16:00:00,16,3,4,14.0,90.0,57.0,122.0
2026-04-30T17:00,116,17.5,11.8,10.2,163.0,2026-04-30 17:00:00,17,3,4,12.0,104.0,67.0,138.0
2026-04-30T18:00,126,17.6,12.1,25.5,137.0,2026-04-30 18:00:00,18,3,4,10.0,116.0,78.0,147.0
2026-04-30T19:00,126,21.0,15.7,46.9,100.0,2026-04-30 19:00:00,19,3,4,0.0,126.0,77.0,146.0
2026-04-30T20:00,116,31.8,26.1,65.3,67.0,2026-04-30 20:00:00,20,3,4,-10.0,126.0,65.0,133.0
2026-04-30T21:00,97,46.0,40.5,79.6,40.0,2026-04-30 21:00:00,21,3,4,-19.0,116.0,55.0,112.0
2026-04-30T22:00,73,51.0,46.1,90.8,16.0,2026-04-30 22:00:00,22,3,4,-24.0,97.0,56.0,84.0
2026-04-30T23:00,67,45.2,41.8,93.1,3.0,2026-04-30 23:00:00,23,3,4,-6.0,73.0,58.0,63.0
2026-05-01T00:00,67,34.1,31.2,80.4,9.0,2026-05-01 00:00:00,0,4,5,0.0,67.0,60.0,63.0
2026-05-01T01:00,66,25.7,23.0,58.8,25.0,2026-05-01 01:00:00,1,4,5,-1.0,67.0,62.0,64.0
2026-05-01T02:00,65,20.5,18.0,40.8,38.0,2026-05-01 02:00:00,2,4,5,-1.0,66.0,64.0,64.0
2026-05-01T03:00,64,17.8,15.5,30.7,40.0,2026-05-01 03:00:00,3,4,5,-1.0,65.0,65.0,64.0
2026-05-01T04:00,64,16.0,14.0,24.2,39.0,2026-05-01 04:00:00,4,4,5,0.0,64.0,65.0,64.0
2026-05-01T05:00,63,14.4,12.5,24.3,41.0,2026-05-01 05:00:00,5,4,5,-1.0,64.0,66.0,64.0
2026-05-01T06:00,63,14.2,12.5,24.6,54.0,2026-05-01 06:00:00,6,4,5,0.0,63.0,65.0,64.0
2026-05-01T07:00,63,16.9,15.2,24.9,72.0,2026-05-01 07:00:00,7,4,5,0.0,63.0,64.0,64.0
2026-05-01T08:00,64,17.5,13.5,23.2,92.0,2026-05-01 08:00:00,8,4,5,1.0,63.0,64.0,63.0
2026-05-01T09:00,64,16.9,10.9,17.8,116.0,2026-05-01 09:00:00,9,4,5,0.0,64.0,63.0,63.0
2026-05-01T10:00,64,17.5,11.2,10.6,142.0,2026-05-01 10:00:00,10,4,5,0.0,64.0,62.0,63.0
2026-05-01T11:00,64,18.7,12.3,5.2,162.0,2026-05-01 11:00:00,11,4,5,0.0,64.0,62.0,64.0
2026-05-01T12:00,65,20.3,13.5,3.3,171.0,2026-05-01 12:00:00,12,4,5,1.0,64.0,63.0,64.0
2026-05-01T13:00,65,21.1,14.0,3.2,174.0,2026-05-01 13:00:00,13,4,5,0.0,65.0,63.0,73.0
2026-05-01T14:00,76,22.3,14.0,3.7,173.0,2026-05-01 14:00:00,14,4,5,11.0,65.0,75.0,94.0
2026-05-01T15:00,101,22.6,13.6,3.0,171.0,2026-05-01 15:00:00,15,4,5,25.0,76.0,90.0,113.0
2026-05-01T16:00,122,22.2,12.7,2.9,165.0,2026-05-01 16:00:00,16,4,5,21.0,101.0,104.0,129.0
2026-05-01T17:00,138,19.9,11.6,7.7,162.0,2026-05-01 17:00:00,17,4,5,16.0,122.0,116.0,142.0
2026-05-01T18:00,147,20.3,11.6,20.2,137.0,2026-05-01 18:00:00,18,4,5,9.0,138.0,126.0,150.0
2026-05-01T19:00,146,24.0,16.8,37.9,102.0,2026-05-01 19:00:00,19,4,5,-1.0,147.0,126.0,145.0
2026-05-01T20:00,133,30.7,22.5,54.6,70.0,2026-05-01 20:00:00,20,4,5,-13.0,146.0,116.0,126.0
2026-05-01T21:00,112,39.6,31.1,71.1,43.0,2026-05-01 21:00:00,21,4,5,-21.0,133.0,97.0,99.0
2026-05-01T22:00,84,50.1,42.3,86.6,19.0,2026-05-01 22:00:00,22,4,5,-28.0,112.0,73.0,71.0
2026-05-01T23:00,63,49.5,43.9,92.8,6.0,2026-05-01 23:00:00,23,4,5,-21.0,84.0,67.0,63.0
2026-05-02T00:00,63,39.2,35.6,83.3,10.0,2026-05-02 00:00:00,0,5,5,0.0,63.0,67.0,61.0
2026-05-02T01:00,64,29.8,27.0,64.5,25.0,2026-05-02 01:00:00,1,5,5,1.0,63.0,66.0,59.0
2026-05-02T02:00,64,22.8,20.5,47.7,38.0,2026-05-02 02:00:00,2,5,5,0.0,64.0,65.0,58.0
2026-05-02T03:00,64,17.5,15.5,35.8,44.0,2026-05-02 03:00:00,3,5,5,0.0,64.0,64.0,57.0
2026-05-02T04:00,64,14.2,12.3,26.0,49.0,2026-05-02 04:00:00,4,5,5,0.0,64.0,64.0,57.0
2026-05-02T05:00,64,12.7,10.4,14.1,74.0,2026-05-02 05:00:00,5,5,5,0.0,64.0,63.0,57.0
2026-05-02T06:00,64,12.0,9.9,17.9,80.0,2026-05-02 06:00:00,6,5,5,0.0,64.0,63.0,58.0
2026-05-02T07:00,64,14.5,11.9,22.9,89.0,2026-05-02 07:00:00,7,5,5,0.0,64.0,63.0,58.0
2026-05-02T08:00,63,17.8,12.9,24.5,102.0,2026-05-02 08:00:00,8,5,5,-1.0,64.0,64.0,59.0
2026-05-02T09:00,63,21.4,12.2,19.4,125.0,2026-05-02 09:00:00,9,5,5,0.0,63.0,64.0,59.0
2026-05-02T10:00,63,23.3,12.6,10.9,153.0,2026-05-02 10:00:00,10,5,5,0.0,63.0,64.0,59.0
2026-05-02T11:00,64,24.3,12.9,4.5,172.0,2026-05-02 11:00:00,11,5,5,1.0,63.0,64.0,59.0
2026-05-02T12:00,64,25.8,13.6,2.6,177.0,2026-05-02 12:00:00,12,5,5,0.0,64.0,65.0,59.0
2026-05-02T13:00,73,27.4,14.2,2.9,173.0,2026-05-02 13:00:00,13,5,5,9.0,64.0,65.0,59.0
2026-05-02T14:00,94,28.8,14.7,3.9,168.0,2026-05-02 14:00:00,14,5,5,21.0,73.0,76.0,75.0
2026-05-02T15:00,113,31.3,14.9,4.3,166.0,2026-05-02 15:00:00,15,5,5,19.0,94.0,101.0,102.0
2026-05-02T16:00,129,31.4,14.6,5.4,163.0,2026-05-02 16:00:00,16,5,5,16.0,113.0,122.0,124.0
2026-05-02T17:00,142,23.1,11.7,7.9,161.0,2026-05-02 17:00:00,17,5,5,13.0,129.0,138.0,142.0
2026-05-02T18:00,150,23.4,12.3,26.5,128.0,2026-05-02 18:00:00,18,5,5,8.0,142.0,147.0,151.0
2026-05-02T19:00,145,28.3,18.2,51.7,83.0,2026-05-02 19:00:00,19,5,5,-5.0,150.0,146.0,148.0
2026-05-02T20:00,126,36.1,25.9,68.1,51.0,2026-05-02 20:00:00,20,5,5,-19.0,145.0,133.0,130.0
2026-05-02T21:00,99,35.9,27.1,67.8,43.0,2026-05-02 21:00:00,21,5,5,-27.0,126.0,112.0,104.0
2026-05-02T22:00,71,31.2,24.6,58.6,47.0,2026-05-02 22:00:00,22,5,5,-28.0,99.0,84.0,73.0
2026-05-02T23:00,63,26.4,21.4,48.4,53.0,2026-05-02 23:00:00,23,5,5,-8.0,71.0,63.0,62.0
2026-05-03T00:00,61,21.5,17.5,38.8,56.0,2026-05-03 00:00:00,0,6,5,-2.0,63.0,63.0,64.0
2026-05-03T01:00,59,17.5,14.3,28.2,61.0,2026-05-03 01:00:00,1,6,5,-2.0,61.0,64.0,65.0
2026-05-03T02:00,58,14.8,12.0,19.6,67.0,2026-05-03 02:00:00,2,6,5,-1.0,59.0,64.0,67.0
2026-05-03T03:00,57,22.7,14.6,13.9,77.0,2026-05-03 03:00:00,3,6,5,-1.0,58.0,64.0,67.0
2026-05-03T04:00,57,22.5,14.1,10.1,89.0,2026-05-03 04:00:00,4,6,5,0.0,57.0,64.0,68.0
2026-05-03T05:00,57,18.2,15.5,27.9,32.0,2026-05-03 05:00:00,5,6,5,0.0,57.0,64.0,68.0
2026-05-03T06:00,58,18.4,15.8,28.3,45.0,2026-05-03 06:00:00,6,6,5,1.0,57.0,64.0,68.0
2026-05-03T07:00,58,20.3,16.5,28.6,64.0,2026-05-03 07:00:00,7,6,5,0.0,58.0,64.0,68.0
2026-05-03T08:00,59,23.9,15.0,26.6,86.0,2026-05-03 08:00:00,8,6,5,1.0,58.0,63.0,68.0
2026-05-03T09:00,59,33.8,13.8,20.2,115.0,2026-05-03 09:00:00,9,6,5,0.0,59.0,63.0,68.0
2026-05-03T10:00,59,33.8,13.7,11.6,147.0,2026-05-03 10:00:00,10,6,5,0.0,59.0,63.0,68.0
2026-05-03T11:00,59,36.1,14.8,5.1,170.0,2026-05-03 11:00:00,11,6,5,0.0,59.0,64.0,69.0
2026-05-03T12:00,59,39.2,15.8,2.8,177.0,2026-05-03 12:00:00,12,6,5,0.0,59.0,64.0,69.0
2026-05-03T13:00,59,40.9,16.2,2.7,175.0,2026-05-03 13:00:00,13,6,5,0.0,59.0,73.0,69.0
2026-05-03T14:00,75,40.7,16.1,3.2,171.0,2026-05-03 14:00:00,14,6,5,16.0,59.0,94.0,76.0
2026-05-03T15:00,102,39.5,15.7,1.2,171.0,2026-05-03 15:00:00,15,6,5,27.0,75.0,113.0,95.0
2026-05-03T16:00,124,37.6,15.2,0.0,169.0,2026-05-03 16:00:00,16,6,5,22.0,102.0,129.0,115.0
2026-05-03T17:00,142,18.9,9.4,6.9,161.0,2026-05-03 17:00:00,17,6,5,18.0,124.0,142.0,134.0
2026-05-03T18:00,151,20.3,10.4,26.4,130.0,2026-05-03 18:00:00,18,6,5,9.0,142.0,150.0,145.0
2026-05-03T19:00,148,28.6,19.0,53.6,87.0,2026-05-03 19:00:00,19,6,5,-3.0,151.0,145.0,144.0
2026-05-03T20:00,130,38.2,27.9,75.2,51.0,2026-05-03 20:00:00,20,6,5,-18.0,148.0,126.0,133.0
2026-05-03T21:00,104,46.2,35.7,88.0,29.0,2026-05-03 21:00:00,21,6,5,-26.0,130.0,99.0,115.0
2026-05-03T22:00,73,54.8,44.7,95.4,15.0,2026-05-03 22:00:00,22,6,5,-31.0,104.0,71.0,95.0
2026-05-03T23:00,62,49.4,41.7,94.2,10.0,2026-05-03 23:00:00,23,6,5,-11.0,73.0,63.0,75.0
2026-05-04T00:00,64,39.2,33.9,79.3,20.0,2026-05-04 00:00:00,0,0,5,2.0,62.0,61.0,76.0
2026-05-04T01:00,65,31.0,27.1,55.9,40.0,2026-05-04 01:00:00,1,0,5,1.0,64.0,59.0,77.0
2026-05-04T02:00,67,24.9,21.8,36.5,55.0,2026-05-04 02:00:00,2,0,5,2.0,65.0,58.0,78.0
2026-05-04T03:00,67,20.8,17.9,25.3,60.0,2026-05-04 03:00:00,3,0,5,0.0,67.0,57.0,79.0
2026-05-04T04:00,68,18.7,15.7,18.1,61.0,2026-05-04 04:00:00,4,0,5,1.0,67.0,57.0,79.0
2026-05-04T05:00,68,20.5,15.5,10.4,89.0,2026-05-04 05:00:00,5,0,5,0.0,68.0,57.0,80.0
2026-05-04T06:00,68,18.1,14.8,16.3,85.0,2026-05-04 06:00:00,6,0,5,0.0,68.0,58.0,80.0
2026-05-04T07:00,68,20.0,18.0,24.2,80.0,2026-05-04 07:00:00,7,0,5,0.0,68.0,58.0,80.0
2026-05-04T08:00,68,23.6,18.3,28.0,84.0,2026-05-04 08:00:00,8,0,5,0.0,68.0,59.0,80.0
2026-05-04T09:00,68,26.4,15.6,23.8,105.0,2026-05-04 09:00:00,9,0,5,0.0,68.0,59.0,79.0
2026-05-04T10:00,68,27.3,15.9,15.6,136.0,2026-05-04 10:00:00,10,0,5,0.0,68.0,59.0,79.0
2026-05-04T11:00,69,26.3,16.1,9.1,159.0,2026-05-04 11:00:00,11,0,5,1.0,68.0,59.0,80.0
2026-05-04T12:00,69,27.1,17.7,6.7,168.0,2026-05-04 12:00:00,12,0,5,0.0,69.0,59.0,80.0
2026-05-04T13:00,69,29.9,18.6,6.0,170.0,2026-05-04 13:00:00,13,0,5,0.0,69.0,59.0,80.0
2026-05-04T14:00,76,33.9,18.5,5.9,171.0,2026-05-04 14:00:00,14,0,5,7.0,69.0,75.0,106.0
2026-05-04T15:00,95,36.9,18.6,5.2,174.0,2026-05-04 15:00:00,15,0,5,19.0,76.0,102.0,134.0
2026-05-04T16:00,115,39.3,18.9,5.1,176.0,2026-05-04 16:00:00,16,0,5,20.0,95.0,124.0,154.0
2026-05-04T17:00,134,104.5,27.6,7.8,153.0,2026-05-04 17:00:00,17,0,5,19.0,115.0,142.0,163.0
2026-05-04T18:00,145,94.5,24.3,22.7,134.0,2026-05-04 18:00:00,18,0,5,11.0,134.0,151.0,168.0
2026-05-04T19:00,144,98.0,31.8,43.1,106.0,2026-05-04 19:00:00,19,0,5,-1.0,145.0,148.0,167.0
2026-05-04T20:00,133,108.5,38.1,57.3,85.0,2026-05-04 20:00:00,20,0,5,-11.0,144.0,130.0,160.0
2026-05-04T21:00,115,115.7,42.0,59.7,75.0,2026-05-04 21:00:00,21,0,5,-18.0,133.0,104.0,146.0
2026-05-04T22:00,95,124.3,43.5,55.8,70.0,2026-05-04 22:00:00,22,0,5,-20.0,115.0,73.0,120.0
2026-05-04T23:00,75,135.5,46.0,50.8,67.0,2026-05-04 23:00:00,23,0,5,-20.0,95.0,62.0,89.0
2026-05-05T00:00,76,134.6,48.5,45.8,63.0,2026-05-05 00:00:00,0,1,5,1.0,75.0,64.0,72.0
2026-05-05T01:00,77,96.2,41.0,39.7,59.0,2026-05-05 01:00:00,1,1,5,1.0,76.0,65.0,70.0
2026-05-05T02:00,78,63.8,31.3,33.4,58.0,2026-05-05 02:00:00,2,1,5,1.0,77.0,67.0,69.0
2026-05-05T03:00,79,47.4,23.9,26.6,59.0,2026-05-05 03:00:00,3,1,5,1.0,78.0,67.0,68.0
2026-05-05T04:00,79,32.8,17.5,19.7,63.0,2026-05-05 04:00:00,4,1,5,0.0,79.0,68.0,68.0
2026-05-05T05:00,80,30.0,21.1,32.3,40.0,2026-05-05 05:00:00,5,1,5,1.0,79.0,68.0,68.0
2026-05-05T06:00,80,19.9,13.9,27.6,62.0,2026-05-05 06:00:00,6,1,5,0.0,80.0,68.0,67.0
2026-05-05T07:00,80,17.1,13.7,20.9,94.0,2026-05-05 07:00:00,7,1,5,0.0,80.0,68.0,67.0
2026-05-05T08:00,80,34.9,13.3,15.1,122.0,2026-05-05 08:00:00,8,1,5,0.0,80.0,68.0,68.0
2026-05-05T09:00,79,48.2,16.5,10.9,142.0,2026-05-05 09:00:00,9,1,5,-1.0,80.0,68.0,68.0
2026-05-05T10:00,79,53.9,18.4,7.5,159.0,2026-05-05 10:00:00,10,1,5,0.0,79.0,68.0,68.0
2026-05-05T11:00,80,49.0,17.3,5.1,173.0,2026-05-05 11:00:00,11,1,5,1.0,79.0,69.0,68.0
2026-05-05T12:00,80,45.8,17.1,3.8,184.0,2026-05-05 12:00:00,12,1,5,0.0,80.0,69.0,68.0
2026-05-05T13:00,80,45.5,18.3,3.5,191.0,2026-05-05 13:00:00,13,1,5,0.0,80.0,69.0,83.0
2026-05-05T14:00,106,45.6,19.3,3.7,193.0,2026-05-05 14:00:00,14,1,5,26.0,80.0,76.0,115.0
2026-05-05T15:00,134,44.6,19.6,3.2,191.0,2026-05-05 15:00:00,15,1,5,28.0,106.0,95.0,143.0
2026-05-05T16:00,154,43.4,19.3,3.3,183.0,2026-05-05 16:00:00,16,1,5,20.0,134.0,115.0,162.0
2026-05-05T17:00,163,36.2,16.0,6.6,173.0,2026-05-05 17:00:00,17,1,5,9.0,154.0,134.0,175.0
2026-05-05T18:00,168,31.7,14.6,13.5,154.0,2026-05-05 18:00:00,18,1,5,5.0,163.0,145.0,185.0
2026-05-05T19:00,167,29.3,16.6,23.6,127.0,2026-05-05 19:00:00,19,1,5,-1.0,168.0,144.0,185.0
2026-05-05T20:00,160,33.6,21.0,34.9,100.0,2026-05-05 20:00:00,20,1,5,-7.0,167.0,133.0,177.0
2026-05-05T21:00,146,39.5,25.7,50.1,72.0,2026-05-05 21:00:00,21,1,5,-14.0,160.0,115.0,161.0
2026-05-05T22:00,120,44.6,31.3,66.5,44.0,2026-05-05 22:00:00,22,1,5,-26.0,146.0,95.0,138.0
2026-05-05T23:00,89,47.0,36.0,74.2,27.0,2026-05-05 23:00:00,23,1,5,-31.0,120.0,75.0,106.0
2026-05-06T00:00,72,40.9,33.3,66.3,30.0,2026-05-06 00:00:00,0,2,5,-17.0,89.0,76.0,71.0
2026-05-06T01:00,70,33.2,27.5,49.7,43.0,2026-05-06 01:00:00,1,2,5,-2.0,72.0,77.0,71.0
2026-05-06T02:00,69,26.8,22.5,35.6,54.0,2026-05-06 02:00:00,2,2,5,-1.0,70.0,78.0,72.0
2026-05-06T03:00,68,21.8,18.5,27.9,54.0,2026-05-06 03:00:00,3,2,5,-1.0,69.0,79.0,72.0
2026-05-06T04:00,68,18.2,15.6,22.8,51.0,2026-05-06 04:00:00,4,2,5,0.0,68.0,79.0,72.0
2026-05-06T05:00,68,18.8,15.8,22.5,47.0,2026-05-06 05:00:00,5,2,5,0.0,68.0,80.0,73.0
2026-05-06T06:00,67,17.4,14.9,22.5,65.0,2026-05-06 06:00:00,6,2,5,-1.0,68.0,80.0,74.0
2026-05-06T07:00,67,19.7,17.2,22.2,92.0,2026-05-06 07:00:00,7,2,5,0.0,67.0,80.0,74.0
2026-05-06T08:00,68,25.6,15.9,20.4,118.0,2026-05-06 08:00:00,8,2,5,1.0,67.0,80.0,74.0
2026-05-06T09:00,68,33.9,16.1,15.6,143.0,2026-05-06 09:00:00,9,2,5,0.0,68.0,79.0,75.0
2026-05-06T10:00,68,34.8,16.5,9.3,168.0,2026-05-06 10:00:00,10,2,5,0.0,68.0,79.0,75.0
2026-05-06T11:00,68,33.5,16.9,4.6,187.0,2026-05-06 11:00:00,11,2,5,0.0,68.0,80.0,74.0
2026-05-06T12:00,68,32.1,16.9,3.0,196.0,2026-05-06 12:00:00,12,2,5,0.0,68.0,80.0,78.0
2026-05-06T13:00,83,31.5,17.0,3.1,199.0,2026-05-06 13:00:00,13,2,5,15.0,68.0,80.0,106.0
2026-05-06T14:00,115,31.3,17.1,3.6,199.0,2026-05-06 14:00:00,14,2,5,32.0,83.0,106.0,140.0
2026-05-06T15:00,143,30.7,17.0,2.8,200.0,2026-05-06 15:00:00,15,2,5,28.0,115.0,134.0,162.0
2026-05-06T16:00,162,30.0,16.4,2.4,199.0,2026-05-06 16:00:00,16,2,5,19.0,143.0,154.0,175.0
2026-05-06T17:00,175,21.8,12.8,7.8,202.0,2026-05-06 17:00:00,17,2,5,13.0,162.0,163.0,181.0
2026-05-06T18:00,185,22.8,13.7,23.4,173.0,2026-05-06 18:00:00,18,2,5,10.0,175.0,168.0,183.0
2026-05-06T19:00,185,28.5,20.4,45.2,133.0,2026-05-06 19:00:00,19,2,5,0.0,185.0,167.0,179.0
2026-05-06T20:00,177,37.5,28.9,63.8,97.0,2026-05-06 20:00:00,20,2,5,-8.0,185.0,160.0,170.0
2026-05-06T21:00,161,41.7,32.7,78.1,71.0,2026-05-06 21:00:00,21,2,5,-16.0,177.0,146.0,158.0
2026-05-06T22:00,138,50.2,41.4,89.1,49.0,2026-05-06 22:00:00,22,2,5,-23.0,161.0,120.0,140.0
2026-05-06T23:00,106,56.2,48.5,91.3,37.0,2026-05-06 23:00:00,23,2,5,-32.0,138.0,89.0,118.0
2026-05-07T00:00,71,50.8,45.3,78.5,39.0,2026-05-07 00:00:00,0,3,5,-35.0,106.0,72.0,94.0
2026-05-07T01:00,71,38.8,35.0,56.7,49.0,2026-05-07 01:00:00,1,3,5,0.0,71.0,70.0,70.0
2026-05-07T02:00,72,30.0,26.8,38.5,60.0,2026-05-07 02:00:00,2,3,5,1.0,71.0,69.0,70.0
2026-05-07T03:00,72,24.4,21.1,28.4,65.0,2026-05-07 03:00:00,3,3,5,0.0,72.0,68.0,71.0
2026-05-07T04:00,72,21.1,17.6,21.8,70.0,2026-05-07 04:00:00,4,3,5,0.0,72.0,68.0,73.0
2026-05-07T05:00,73,30.5,27.2,34.2,39.0,2026-05-07 05:00:00,5,3,5,1.0,72.0,68.0,74.0
2026-05-07T06:00,74,26.9,23.2,28.4,70.0,2026-05-07 06:00:00,6,3,5,1.0,73.0,67.0,75.0
2026-05-07T07:00,74,24.2,19.6,20.3,114.0,2026-05-07 07:00:00,7,3,5,0.0,74.0,67.0,77.0
2026-05-07T08:00,74,24.8,16.6,13.5,150.0,2026-05-07 08:00:00,8,3,5,0.0,74.0,68.0,78.0
2026-05-07T09:00,75,24.3,15.8,9.1,172.0,2026-05-07 09:00:00,9,3,5,1.0,74.0,68.0,80.0
2026-05-07T10:00,75,24.5,15.8,6.0,186.0,2026-05-07 10:00:00,10,3,5,0.0,75.0,68.0,82.0
2026-05-07T11:00,74,24.0,15.6,3.9,195.0,2026-05-07 11:00:00,11,3,5,-1.0,75.0,68.0,85.0
2026-05-07T12:00,78,23.6,15.3,3.0,199.0,2026-05-07 12:00:00,12,3,5,4.0,74.0,68.0,88.0
2026-05-07T13:00,106,23.4,14.8,3.1,198.0,2026-05-07 13:00:00,13,3,5,28.0,78.0,83.0,116.0
2026-05-07T14:00,140,23.5,14.3,3.7,195.0,2026-05-07 14:00:00,14,3,5,34.0,106.0,115.0,151.0
2026-05-07T15:00,162,23.1,14.0,3.3,194.0,2026-05-07 15:00:00,15,3,5,22.0,140.0,143.0,171.0
2026-05-07T16:00,175,23.1,13.9,3.4,190.0,2026-05-07 16:00:00,16,3,5,13.0,162.0,162.0,184.0
2026-05-07T17:00,181,38.1,19.1,7.3,181.0,2026-05-07 17:00:00,17,3,5,6.0,175.0,175.0,190.0
2026-05-07T18:00,183,37.4,19.3,12.4,164.0,2026-05-07 18:00:00,18,3,5,2.0,181.0,185.0,193.0
2026-05-07T19:00,179,36.4,22.6,19.7,140.0,2026-05-07 19:00:00,19,3,5,-4.0,183.0,185.0,192.0
2026-05-07T20:00,170,38.0,24.7,26.1,119.0,2026-05-07 20:00:00,20,3,5,-9.0,179.0,177.0,184.0
2026-05-07T21:00,158,40.3,26.7,30.9,104.0,2026-05-07 21:00:00,21,3,5,-12.0,170.0,161.0,172.0
2026-05-07T22:00,140,43.3,29.5,34.8,92.0,2026-05-07 22:00:00,22,3,5,-18.0,158.0,138.0,159.0
2026-05-07T23:00,118,46.7,32.6,37.6,80.0,2026-05-07 23:00:00,23,3,5,-22.0,140.0,106.0,142.0
2026-05-08T00:00,94,48.3,34.3,38.6,68.0,2026-05-08 00:00:00,0,4,5,-24.0,118.0,71.0,120.0
2026-05-08T01:00,70,49.4,35.9,38.5,57.0,2026-05-08 01:00:00,1,4,5,-24.0,94.0,71.0,122.0
2026-05-08T02:00,70,49.8,37.0,38.5,46.0,2026-05-08 02:00:00,2,4,5,0.0,70.0,72.0,124.0
2026-05-08T03:00,71,49.7,37.6,40.3,30.0,2026-05-08 03:00:00,3,4,5,1.0,70.0,72.0,126.0
2026-05-08T04:00,73,49.2,37.6,42.2,14.0,2026-05-08 04:00:00,4,4,5,2.0,71.0,72.0,128.0
2026-05-08T05:00,74,56.0,39.5,31.1,41.0,2026-05-08 05:00:00,5,4,5,1.0,73.0,73.0,130.0
2026-05-08T06:00,75,52.5,38.1,26.0,73.0,2026-05-08 06:00:00,6,4,5,1.0,74.0,74.0,133.0
2026-05-08T07:00,77,55.5,35.4,18.8,118.0,2026-05-08 07:00:00,7,4,5,2.0,75.0,74.0,135.0
2026-05-08T08:00,78,97.8,33.3,12.7,156.0,2026-05-08 08:00:00,8,4,5,1.0,77.0,74.0,137.0
2026-05-08T09:00,80,163.4,42.4,8.9,179.0,2026-05-08 09:00:00,9,4,5,2.0,78.0,75.0,139.0
2026-05-08T10:00,82,183.9,46.3,6.2,194.0,2026-05-08 10:00:00,10,4,5,2.0,80.0,75.0,141.0
2026-05-08T11:00,85,181.1,47.0,4.4,204.0,2026-05-08 11:00:00,11,4,5,3.0,82.0,74.0,142.0
2026-05-08T12:00,88,158.3,43.9,3.4,208.0,2026-05-08 12:00:00,12,4,5,3.0,85.0,78.0,144.0
2026-05-08T13:00,116,142.5,41.2,3.2,206.0,2026-05-08 13:00:00,13,4,5,28.0,88.0,106.0,145.0
2026-05-08T14:00,151,130.4,38.8,3.7,202.0,2026-05-08 14:00:00,14,4,5,35.0,116.0,140.0,164.0
2026-05-08T15:00,171,120.1,36.2,3.6,198.0,2026-05-08 15:00:00,15,4,5,20.0,151.0,162.0,184.0
2026-05-08T16:00,184,111.8,34.2,4.1,192.0,2026-05-08 16:00:00,16,4,5,13.0,171.0,175.0,199.0
2026-05-08T17:00,190,174.6,52.3,9.3,201.0,2026-05-08 17:00:00,17,4,5,6.0,184.0,181.0,203.0
2026-05-08T18:00,193,166.7,50.6,15.0,183.0,2026-05-08 18:00:00,18,4,5,3.0,190.0,183.0,204.0
2026-05-08T19:00,192,144.4,51.6,23.0,157.0,2026-05-08 19:00:00,19,4,5,-1.0,193.0,179.0,201.0
2026-05-08T20:00,184,140.6,52.6,29.4,134.0,2026-05-08 20:00:00,20,4,5,-8.0,192.0,170.0,188.0
2026-05-08T21:00,172,143.9,54.0,32.3,120.0,2026-05-08 21:00:00,21,4,5,-12.0,184.0,158.0,167.0
2026-05-08T22:00,159,144.8,55.5,33.5,109.0,2026-05-08 22:00:00,22,4,5,-13.0,172.0,140.0,148.0
2026-05-08T23:00,142,146.7,58.0,35.0,96.0,2026-05-08 23:00:00,23,4,5,-17.0,159.0,118.0,149.0
2026-05-09T00:00,120,146.2,59.6,37.8,78.0,2026-05-09 00:00:00,0,5,5,-22.0,142.0,94.0,150.0
2026-05-09T01:00,122,137.8,60.1,40.8,57.0,2026-05-09 01:00:00,1,5,5,2.0,120.0,70.0,150.0
2026-05-09T02:00,124,123.9,59.0,42.4,42.0,2026-05-09 02:00:00,2,5,5,2.0,122.0,70.0,150.0
2026-05-09T03:00,126,112.2,58.0,41.9,31.0,2026-05-09 03:00:00,3,5,5,2.0,124.0,71.0,150.0
2026-05-09T04:00,128,102.4,56.0,40.0,25.0,2026-05-09 04:00:00,4,5,5,2.0,126.0,73.0,150.0
2026-05-09T05:00,130,143.9,60.8,25.7,62.0,2026-05-09 05:00:00,5,5,5,2.0,128.0,74.0,150.0
2026-05-09T06:00,133,121.1,58.0,23.4,88.0,2026-05-09 06:00:00,6,5,5,3.0,130.0,75.0,150.0
2026-05-09T07:00,135,136.4,55.9,20.0,125.0,2026-05-09 07:00:00,7,5,5,2.0,133.0,77.0,150.0
2026-05-09T08:00,137,181.6,56.9,16.4,158.0,2026-05-09 08:00:00,8,5,5,2.0,135.0,78.0,150.0
2026-05-09T09:00,139,189.5,57.7,12.2,183.0,2026-05-09 09:00:00,9,5,5,2.0,137.0,80.0,151.0
2026-05-09T10:00,141,193.7,60.1,7.7,204.0,2026-05-09 10:00:00,10,5,5,2.0,139.0,82.0,150.0
2026-05-09T11:00,142,186.7,59.5,4.5,218.0,2026-05-09 11:00:00,11,5,5,1.0,141.0,85.0,150.0
2026-05-09T12:00,144,165.3,54.4,3.3,223.0,2026-05-09 12:00:00,12,5,5,2.0,142.0,88.0,150.0
2026-05-09T13:00,145,143.9,49.2,3.3,221.0,2026-05-09 13:00:00,13,5,5,1.0,144.0,116.0,150.0
2026-05-09T14:00,164,129.5,46.2,3.8,217.0,2026-05-09 14:00:00,14,5,5,19.0,145.0,151.0,161.0
2026-05-09T15:00,184,120.1,44.1,2.4,216.0,2026-05-09 15:00:00,15,5,5,20.0,164.0,171.0,175.0
2026-05-09T16:00,199,112.2,42.3,1.5,213.0,2026-05-09 16:00:00,16,5,5,15.0,184.0,184.0,183.0
2026-05-09T17:00,203,113.6,42.7,8.6,194.0,2026-05-09 17:00:00,17,5,5,4.0,199.0,190.0,185.0
2026-05-09T18:00,204,110.6,42.3,25.6,164.0,2026-05-09 18:00:00,18,5,5,1.0,203.0,193.0,182.0
2026-05-09T19:00,201,112.0,50.3,49.0,123.0,2026-05-09 19:00:00,19,5,5,-3.0,204.0,192.0,174.0
2026-05-09T20:00,188,124.3,58.2,66.0,90.0,2026-05-09 20:00:00,20,5,5,-13.0,201.0,184.0,161.0
2026-05-09T21:00,167,136.9,63.8,71.6,71.0,2026-05-09 21:00:00,21,5,5,-21.0,188.0,172.0,149.0
2026-05-09T22:00,148,148.5,69.2,70.8,61.0,2026-05-09 22:00:00,22,5,5,-19.0,167.0,159.0,148.0
2026-05-09T23:00,149,149.0,72.4,66.0,56.0,2026-05-09 23:00:00,23,5,5,1.0,148.0,142.0,148.0
2026-05-10T00:00,150,134.6,68.9,55.7,59.0,2026-05-10 00:00:00,0,6,5,1.0,149.0,120.0,146.0
2026-05-10T01:00,150,125.7,64.7,41.3,68.0,2026-05-10 01:00:00,1,6,5,0.0,150.0,122.0,146.0
2026-05-10T02:00,150,120.6,60.8,29.6,76.0,2026-05-10 02:00:00,2,6,5,0.0,150.0,124.0,145.0
2026-05-10T03:00,150,115.7,57.3,23.4,78.0,2026-05-10 03:00:00,3,6,5,0.0,150.0,126.0,143.0
2026-05-10T04:00,150,111.1,54.5,20.0,79.0,2026-05-10 04:00:00,4,6,5,0.0,150.0,128.0,142.0
2026-05-10T05:00,150,122.5,62.2,18.2,81.0,2026-05-10 05:00:00,5,6,5,0.0,150.0,130.0,140.0
2026-05-10T06:00,150,110.6,59.3,17.1,105.0,2026-05-10 06:00:00,6,6,5,0.0,150.0,133.0,140.0
2026-05-10T07:00,150,112.0,57.6,15.3,139.0,2026-05-10 07:00:00,7,6,5,0.0,150.0,135.0,141.0
2026-05-10T08:00,150,161.6,57.3,13.2,167.0,2026-05-10 08:00:00,8,6,5,0.0,150.0,137.0,143.0
2026-05-10T09:00,151,167.6,57.2,10.2,185.0,2026-05-10 09:00:00,9,6,5,1.0,150.0,139.0,142.0
2026-05-10T10:00,150,152.3,54.1,6.7,198.0,2026-05-10 10:00:00,10,6,5,-1.0,151.0,141.0,142.0
2026-05-10T11:00,150,134.1,50.4,4.2,205.0,2026-05-10 11:00:00,11,6,5,0.0,150.0,142.0,141.0
2026-05-10T12:00,150,119.7,46.6,3.1,205.0,2026-05-10 12:00:00,12,6,5,0.0,150.0,144.0,141.0
2026-05-10T13:00,150,108.7,43.8,3.1,200.0,2026-05-10 13:00:00,13,6,5,0.0,150.0,145.0,141.0
2026-05-10T14:00,161,102.9,41.7,4.0,193.0,2026-05-10 14:00:00,14,6,5,11.0,150.0,164.0,142.0
2026-05-10T15:00,175,104.3,41.6,5.2,187.0,2026-05-10 15:00:00,15,6,5,14.0,161.0,184.0,168.0
2026-05-10T16:00,183,106.6,42.0,7.4,179.0,2026-05-10 16:00:00,16,6,5,8.0,175.0,199.0,188.0
2026-05-10T17:00,185,105.7,43.9,12.8,167.0,2026-05-10 17:00:00,17,6,5,2.0,183.0,203.0,201.0
2026-05-10T18:00,182,91.5,46.1,23.3,147.0,2026-05-10 18:00:00,18,6,5,-3.0,185.0,204.0,203.0
2026-05-10T19:00,174,91.5,50.5,37.0,123.0,2026-05-10 19:00:00,19,6,5,-8.0,182.0,201.0,202.0
2026-05-10T20:00,161,96.9,53.8,50.7,97.0,2026-05-10 20:00:00,20,6,5,-13.0,174.0,188.0,189.0
2026-05-10T21:00,149,100.6,58.8,66.8,66.0,2026-05-10 21:00:00,21,6,5,-12.0,161.0,167.0,166.0
2026-05-10T22:00,148,98.3,62.9,82.8,34.0,2026-05-10 22:00:00,22,6,5,-1.0,149.0,148.0,143.0
2026-05-10T23:00,148,91.5,62.2,88.5,17.0,2026-05-10 23:00:00,23,6,5,0.0,148.0,149.0,143.0
2026-05-11T00:00,146,87.3,60.1,75.7,27.0,2026-05-11 00:00:00,0,0,5,-2.0,148.0,150.0,143.0
2026-05-11T01:00,146,81.0,56.0,52.5,51.0,2026-05-11 01:00:00,1,0,5,0.0,146.0,150.0,143.0
2026-05-11T02:00,145,72.9,48.3,33.1,73.0,2026-05-11 02:00:00,2,0,5,-1.0,146.0,150.0,143.0
2026-05-11T03:00,143,66.4,40.7,22.3,85.0,2026-05-11 03:00:00,3,0,5,-2.0,145.0,150.0,143.0
2026-05-11T04:00,142,61.9,37.0,15.2,94.0,2026-05-11 04:00:00,4,0,5,-1.0,143.0,150.0,144.0
2026-05-11T05:00,140,102.2,66.8,33.7,42.0,2026-05-11 05:00:00,5,0,5,-2.0,142.0,150.0,144.0
2026-05-11T06:00,140,106.4,69.6,33.2,62.0,2026-05-11 06:00:00,6,0,5,0.0,140.0,150.0,140.0
2026-05-11T07:00,141,93.8,69.4,32.1,90.0,2026-05-11 07:00:00,7,0,5,1.0,140.0,150.0,136.0
2026-05-11T08:00,143,97.8,56.5,29.1,121.0,2026-05-11 08:00:00,8,0,5,2.0,141.0,150.0,131.0
2026-05-11T09:00,142,96.9,48.7,22.2,156.0,2026-05-11 09:00:00,9,0,5,-1.0,143.0,151.0,127.0
2026-05-11T10:00,142,99.4,48.4,13.3,193.0,2026-05-11 10:00:00,10,0,5,0.0,142.0,150.0,124.0
2026-05-11T11:00,141,99.4,49.9,6.7,219.0,2026-05-11 11:00:00,11,0,5,-1.0,142.0,150.0,122.0
2026-05-11T12:00,141,98.7,50.1,4.3,227.0,2026-05-11 12:00:00,12,0,5,0.0,141.0,150.0,119.0
2026-05-11T13:00,141,97.6,48.8,4.2,224.0,2026-05-11 13:00:00,13,0,5,0.0,141.0,150.0,117.0
2026-05-11T14:00,142,94.3,46.4,5.1,218.0,2026-05-11 14:00:00,14,0,5,1.0,141.0,161.0,116.0
2026-05-11T15:00,168,95.0,45.3,4.0,213.0,2026-05-11 15:00:00,15,0,5,26.0,142.0,175.0,115.0
2026-05-11T16:00,188,93.6,44.9,3.8,205.0,2026-05-11 16:00:00,16,0,5,20.0,168.0,183.0,134.0
2026-05-11T17:00,201,84.8,44.7,9.8,199.0,2026-05-11 17:00:00,17,0,5,13.0,188.0,185.0,151.0
2026-05-11T18:00,203,81.5,44.2,24.1,167.0,2026-05-11 18:00:00,18,0,5,2.0,201.0,182.0,158.0
2026-05-11T19:00,202,79.4,50.1,43.9,123.0,2026-05-11 19:00:00,19,0,5,-1.0,203.0,174.0,158.0
2026-05-11T20:00,189,82.0,55.2,60.2,85.0,2026-05-11 20:00:00,20,0,5,-13.0,202.0,161.0,146.0
2026-05-11T21:00,166,83.4,57.2,70.2,61.0,2026-05-11 21:00:00,21,0,5,-23.0,189.0,149.0,122.0
2026-05-11T22:00,143,86.1,60.3,76.6,43.0,2026-05-11 22:00:00,22,0,5,-23.0,166.0,148.0,113.0
2026-05-11T23:00,143,85.9,61.9,78.3,32.0,2026-05-11 23:00:00,23,0,5,0.0,143.0,148.0,115.0
2026-05-12T00:00,143,82.0,60.8,73.7,28.0,2026-05-12 00:00:00,0,1,5,0.0,143.0,146.0,116.0
2026-05-12T01:00,143,76.1,57.7,64.3,31.0,2026-05-12 01:00:00,1,1,5,0.0,143.0,146.0,119.0
2026-05-12T02:00,143,68.2,52.9,53.6,39.0,2026-05-12 02:00:00,2,1,5,0.0,143.0,145.0,120.0
2026-05-12T03:00,143,61.0,47.4,40.8,53.0,2026-05-12 03:00:00,3,1,5,0.0,143.0,143.0,121.0
2026-05-12T04:00,144,53.1,39.0,26.6,72.0,2026-05-12 04:00:00,4,1,5,1.0,143.0,142.0,122.0
2026-05-12T05:00,144,35.7,28.1,22.1,49.0,2026-05-12 05:00:00,5,1,5,0.0,144.0,140.0,121.0
2026-05-12T06:00,140,34.0,25.4,21.3,64.0,2026-05-12 06:00:00,6,1,5,-4.0,144.0,140.0,121.0
2026-05-12T07:00,136,33.5,26.0,20.1,85.0,2026-05-12 07:00:00,7,1,5,-4.0,140.0,141.0,120.0
2026-05-12T08:00,131,41.6,20.9,18.0,106.0,2026-05-12 08:00:00,8,1,5,-5.0,136.0,143.0,120.0
2026-05-12T09:00,127,49.9,20.7,14.2,125.0,2026-05-12 09:00:00,9,1,5,-4.0,131.0,142.0,120.0
2026-05-12T10:00,124,58.2,23.4,9.5,143.0,2026-05-12 10:00:00,10,1,5,-3.0,127.0,142.0,119.0
2026-05-12T11:00,122,64.0,26.3,6.0,159.0,2026-05-12 11:00:00,11,1,5,-2.0,124.0,141.0,119.0
2026-05-12T12:00,119,77.1,31.8,4.5,171.0,2026-05-12 12:00:00,12,1,5,-3.0,122.0,141.0,117.0
2026-05-12T13:00,117,89.4,35.6,4.1,181.0,2026-05-12 13:00:00,13,1,5,-2.0,119.0,141.0,115.0
2026-05-12T14:00,116,95.7,37.1,4.5,186.0,2026-05-12 14:00:00,14,1,5,-1.0,117.0,142.0,113.0
2026-05-12T15:00,115,97.3,37.1,3.1,188.0,2026-05-12 15:00:00,15,1,5,-1.0,116.0,168.0,110.0
2026-05-12T16:00,134,98.0,37.8,2.5,186.0,2026-05-12 16:00:00,16,1,5,19.0,115.0,188.0,108.0
2026-05-12T17:00,151,99.7,38.3,9.5,172.0,2026-05-12 17:00:00,17,1,5,17.0,134.0,201.0,110.0
2026-05-12T18:00,158,88.2,36.2,30.9,138.0,2026-05-12 18:00:00,18,1,5,7.0,151.0,203.0,118.0
2026-05-12T19:00,158,96.2,47.8,60.0,93.0,2026-05-12 19:00:00,19,1,5,0.0,158.0,202.0,114.0
2026-05-12T20:00,146,109.2,58.0,83.8,57.0,2026-05-12 20:00:00,20,1,5,-12.0,158.0,189.0,100.0
2026-05-12T21:00,122,120.6,68.0,98.0,38.0,2026-05-12 21:00:00,21,1,5,-24.0,146.0,166.0,98.0
2026-05-12T22:00,113,128.5,74.0,106.9,28.0,2026-05-12 22:00:00,22,1,5,-9.0,122.0,143.0,97.0
2026-05-12T23:00,115,134.6,79.9,110.1,21.0,2026-05-12 23:00:00,23,1,5,2.0,113.0,143.0,94.0
2026-05-13T00:00,116,131.8,80.6,106.8,13.0,2026-05-13 00:00:00,0,2,5,1.0,115.0,143.0,92.0
2026-05-13T01:00,119,114.6,75.4,97.7,8.0,2026-05-13 01:00:00,1,2,5,3.0,116.0,143.0,88.0
2026-05-13T02:00,120,84.1,63.3,85.2,9.0,2026-05-13 02:00:00,2,2,5,1.0,119.0,143.0,84.0
2026-05-13T03:00,121,63.1,48.2,66.7,18.0,2026-05-13 03:00:00,3,2,5,1.0,120.0,143.0,81.0
2026-05-13T04:00,122,46.1,36.0,44.6,32.0,2026-05-13 04:00:00,4,2,5,1.0,121.0,144.0,79.0
2026-05-13T05:00,121,26.6,23.0,27.0,26.0,2026-05-13 05:00:00,5,2,5,-1.0,122.0,144.0,77.0
2026-05-13T06:00,121,24.6,20.7,26.0,41.0,2026-05-13 06:00:00,6,2,5,0.0,121.0,140.0,76.0
2026-05-13T07:00,120,26.1,20.7,24.4,62.0,2026-05-13 07:00:00,7,2,5,-1.0,121.0,136.0,75.0
2026-05-13T08:00,120,30.3,19.6,21.6,83.0,2026-05-13 08:00:00,8,2,5,0.0,120.0,131.0,75.0
2026-05-13T09:00,120,30.4,18.4,16.3,104.0,2026-05-13 09:00:00,9,2,5,0.0,120.0,127.0,75.0
2026-05-13T10:00,119,27.2,16.4,9.8,124.0,2026-05-13 10:00:00,10,2,5,-1.0,120.0,124.0,75.0
2026-05-13T11:00,119,24.7,13.9,5.0,140.0,2026-05-13 11:00:00,11,2,5,0.0,119.0,122.0,75.0
2026-05-13T12:00,117,23.5,12.3,3.4,149.0,2026-05-13 12:00:00,12,2,5,-2.0,119.0,119.0,76.0
2026-05-13T13:00,115,24.6,12.6,3.6,154.0,2026-05-13 13:00:00,13,2,5,-2.0,117.0,117.0,76.0
2026-05-13T14:00,113,25.8,13.3,4.4,156.0,2026-05-13 14:00:00,14,2,5,-2.0,115.0,116.0,77.0
2026-05-13T15:00,110,25.8,13.5,2.6,159.0,2026-05-13 15:00:00,15,2,5,-3.0,113.0,115.0,82.0
2026-05-13T16:00,108,24.8,13.2,1.5,158.0,2026-05-13 16:00:00,16,2,5,-2.0,110.0,134.0,102.0
2026-05-13T17:00,110,31.7,16.8,10.0,144.0,2026-05-13 17:00:00,17,2,5,2.0,108.0,151.0,119.0
2026-05-13T18:00,118,31.9,20.3,37.8,103.0,2026-05-13 18:00:00,18,2,5,8.0,110.0,158.0,126.0
2026-05-13T19:00,114,41.6,29.9,75.7,46.0,2026-05-13 19:00:00,19,2,5,-4.0,118.0,158.0,119.0
2026-05-13T20:00,100,54.9,43.4,101.4,4.0,2026-05-13 20:00:00,20,2,5,-14.0,114.0,146.0,97.0
2026-05-13T21:00,98,57.6,48.2,103.7,0.0,2026-05-13 21:00:00,21,2,5,-2.0,100.0,122.0,86.0
2026-05-13T22:00,97,57.6,49.7,93.7,0.0,2026-05-13 22:00:00,22,2,5,-1.0,98.0,113.0,88.0
2026-05-13T23:00,94,55.3,48.5,82.8,2.0,2026-05-13 23:00:00,23,2,5,-3.0,97.0,115.0,90.0
2026-05-14T00:00,92,47.5,41.1,74.9,7.0,2026-05-14 00:00:00,0,3,5,-2.0,94.0,116.0,91.0
2026-05-14T01:00,88,39.3,33.3,66.2,16.0,2026-05-14 01:00:00,1,3,5,-4.0,92.0,119.0,92.0
2026-05-14T02:00,84,31.9,26.3,55.7,25.0,2026-05-14 02:00:00,2,3,5,-4.0,88.0,120.0,93.0
2026-05-14T03:00,81,24.9,20.2,40.8,36.0,2026-05-14 03:00:00,3,3,5,-3.0,84.0,121.0,93.0
2026-05-14T04:00,79,19.5,15.9,24.2,49.0,2026-05-14 04:00:00,4,3,5,-2.0,81.0,122.0,94.0
2026-05-14T05:00,77,16.8,13.9,13.1,62.0,2026-05-14 05:00:00,5,3,5,-2.0,79.0,121.0,94.0
2026-05-14T06:00,76,17.4,14.2,17.4,64.0,2026-05-14 06:00:00,6,3,5,-1.0,77.0,121.0,95.0
2026-05-14T07:00,75,19.8,17.4,23.0,67.0,2026-05-14 07:00:00,7,3,5,-1.0,76.0,120.0,96.0
2026-05-14T08:00,75,24.4,17.9,25.1,77.0,2026-05-14 08:00:00,8,3,5,0.0,75.0,120.0,96.0
2026-05-14T09:00,75,29.8,17.0,20.2,99.0,2026-05-14 09:00:00,9,3,5,0.0,75.0,120.0,96.0
2026-05-14T10:00,75,35.9,18.2,11.9,128.0,2026-05-14 10:00:00,10,3,5,0.0,75.0,119.0,96.0
2026-05-14T11:00,75,38.6,19.1,5.6,150.0,2026-05-14 11:00:00,11,3,5,0.0,75.0,119.0,96.0
2026-05-14T12:00,76,42.7,20.3,3.5,161.0,2026-05-14 12:00:00,12,3,5,1.0,75.0,117.0,96.0
2026-05-14T13:00,76,45.3,21.5,3.4,165.0,2026-05-14 13:00:00,13,3,5,0.0,76.0,115.0,96.0
2026-05-14T14:00,77,45.3,22.1,4.6,165.0,2026-05-14 14:00:00,14,3,5,1.0,76.0,113.0,97.0
2026-05-14T15:00,82,44.4,22.4,5.3,162.0,2026-05-14 15:00:00,15,3,5,5.0,77.0,110.0,97.0
2026-05-14T16:00,102,42.6,22.2,7.2,155.0,2026-05-14 16:00:00,16,3,5,20.0,82.0,108.0,97.0
2026-05-14T17:00,119,62.9,37.4,19.0,132.0,2026-05-14 17:00:00,17,3,5,17.0,102.0,110.0,115.0
2026-05-14T18:00,126,62.9,38.8,45.5,97.0,2026-05-14 18:00:00,18,3,5,7.0,119.0,118.0,129.0
2026-05-14T19:00,119,69.2,46.8,81.6,48.0,2026-05-14 19:00:00,19,3,5,-7.0,126.0,114.0,125.0
2026-05-14T20:00,97,83.6,60.1,105.6,12.0,2026-05-14 20:00:00,20,3,5,-22.0,119.0,100.0,103.0
2026-05-14T21:00,86,93.4,69.2,106.7,0.0,2026-05-14 21:00:00,21,3,5,-11.0,97.0,98.0,91.0
2026-05-14T22:00,88,92.2,73.3,95.6,1.0,2026-05-14 22:00:00,22,3,5,2.0,86.0,97.0,89.0
2026-05-14T23:00,90,75.7,63.1,83.3,4.0,2026-05-14 23:00:00,23,3,5,2.0,88.0,94.0,87.0
2026-05-15T00:00,91,61.5,51.0,72.7,9.0,2026-05-15 00:00:00,0,4,5,1.0,90.0,92.0,86.0
2026-05-15T01:00,92,49.5,41.8,60.9,16.0,2026-05-15 01:00:00,1,4,5,1.0,91.0,88.0,84.0
2026-05-15T02:00,93,38.4,33.3,49.7,23.0,2026-05-15 02:00:00,2,4,5,1.0,92.0,84.0,84.0
2026-05-15T03:00,93,29.4,26.1,38.5,28.0,2026-05-15 03:00:00,3,4,5,0.0,93.0,81.0,83.0
2026-05-15T04:00,94,22.7,20.7,27.9,32.0,2026-05-15 04:00:00,4,4,5,1.0,93.0,79.0,83.0
2026-05-15T05:00,94,26.1,23.5,27.9,34.0,2026-05-15 05:00:00,5,4,5,0.0,94.0,77.0,83.0
2026-05-15T06:00,95,20.8,19.9,28.1,38.0,2026-05-15 06:00:00,6,4,5,1.0,94.0,76.0,83.0
2026-05-15T07:00,96,21.4,21.1,28.2,45.0,2026-05-15 07:00:00,7,4,5,1.0,95.0,75.0,83.0
2026-05-15T08:00,96,19.0,16.9,26.4,59.0,2026-05-15 08:00:00,8,4,5,0.0,96.0,75.0,83.0
2026-05-15T09:00,96,25.3,15.5,20.8,89.0,2026-05-15 09:00:00,9,4,5,0.0,96.0,75.0,83.0
2026-05-15T10:00,96,35.2,19.7,13.2,127.0,2026-05-15 10:00:00,10,4,5,0.0,96.0,75.0,83.0
2026-05-15T11:00,96,39.3,22.1,7.7,154.0,2026-05-15 11:00:00,11,4,5,0.0,96.0,75.0,83.0
2026-05-15T12:00,96,40.7,23.1,5.8,162.0,2026-05-15 12:00:00,12,4,5,0.0,96.0,76.0,82.0
2026-05-15T13:00,96,42.3,24.2,6.0,160.0,2026-05-15 13:00:00,13,4,5,0.0,96.0,76.0,82.0
2026-05-15T14:00,97,42.7,25.0,7.2,157.0,2026-05-15 14:00:00,14,4,5,1.0,96.0,77.0,83.0
2026-05-15T15:00,97,43.9,26.3,5.9,160.0,2026-05-15 15:00:00,15,4,5,0.0,97.0,82.0,111.0
2026-05-15T16:00,97,44.9,27.4,5.7,161.0,2026-05-15 16:00:00,16,4,5,0.0,97.0,102.0,133.0
2026-05-15T17:00,115,18.8,14.1,11.5,151.0,2026-05-15 17:00:00,17,4,5,18.0,97.0,119.0,150.0
2026-05-15T18:00,129,20.9,16.7,42.4,109.0,2026-05-15 18:00:00,18,4,5,14.0,115.0,126.0,154.0
2026-05-15T19:00,125,33.9,29.6,84.6,51.0,2026-05-15 19:00:00,19,4,5,-4.0,129.0,119.0,147.0
2026-05-15T20:00,103,47.5,43.3,112.8,9.0,2026-05-15 20:00:00,20,4,5,-22.0,125.0,97.0,123.0
2026-05-15T21:00,91,56.1,52.0,113.7,0.0,2026-05-15 21:00:00,21,4,5,-12.0,103.0,86.0,88.0
2026-05-15T22:00,89,55.4,52.2,100.6,0.0,2026-05-15 22:00:00,22,4,5,-2.0,91.0,88.0,74.0
2026-05-15T23:00,87,46.7,44.1,88.5,5.0,2026-05-15 23:00:00,23,4,5,-2.0,89.0,90.0,73.0
2026-05-16T00:00,86,40.7,38.3,83.4,6.0,2026-05-16 00:00:00,0,5,5,-1.0,87.0,91.0,73.0
2026-05-16T01:00,84,35.0,32.9,79.3,8.0,2026-05-16 01:00:00,1,5,5,-2.0,86.0,92.0,73.0
2026-05-16T02:00,84,29.5,27.6,72.9,12.0,2026-05-16 02:00:00,2,5,5,0.0,84.0,93.0,72.0
2026-05-16T03:00,83,24.7,23.1,61.4,17.0,2026-05-16 03:00:00,3,5,5,-1.0,84.0,93.0,72.0
2026-05-16T04:00,83,21.0,19.4,47.5,24.0,2026-05-16 04:00:00,4,5,5,0.0,83.0,94.0,71.0
2026-05-16T05:00,83,25.6,23.5,39.0,27.0,2026-05-16 05:00:00,5,5,5,0.0,83.0,94.0,71.0
2026-05-16T06:00,83,23.3,21.7,34.9,44.0,2026-05-16 06:00:00,6,5,5,0.0,83.0,95.0,70.0
2026-05-16T07:00,83,23.0,21.5,29.0,69.0,2026-05-16 07:00:00,7,5,5,0.0,83.0,96.0,70.0
2026-05-16T08:00,83,21.3,16.9,23.0,95.0,2026-05-16 08:00:00,8,5,5,0.0,83.0,96.0,69.0
2026-05-16T09:00,83,22.8,16.1,16.8,123.0,2026-05-16 09:00:00,9,5,5,0.0,83.0,96.0,69.0
2026-05-16T10:00,83,23.5,16.2,10.4,152.0,2026-05-16 10:00:00,10,5,5,0.0,83.0,96.0,68.0
2026-05-16T11:00,83,23.8,16.5,5.7,173.0,2026-05-16 11:00:00,11,5,5,0.0,83.0,96.0,67.0
2026-05-16T12:00,82,24.4,16.1,3.7,181.0,2026-05-16 12:00:00,12,5,5,-1.0,83.0,96.0,67.0
2026-05-16T13:00,82,26.5,15.8,3.4,180.0,2026-05-16 13:00:00,13,5,5,0.0,82.0,96.0,66.0
2026-05-16T14:00,83,28.3,15.4,3.8,176.0,2026-05-16 14:00:00,14,5,5,1.0,82.0,97.0,78.0
2026-05-16T15:00,111,29.2,15.0,0.9,175.0,2026-05-16 15:00:00,15,5,5,28.0,83.0,97.0,102.0
2026-05-16T16:00,133,29.6,14.4,0.0,171.0,2026-05-16 16:00:00,16,5,5,22.0,111.0,97.0,120.0
2026-05-16T17:00,150,20.9,9.6,7.9,150.0,2026-05-16 17:00:00,17,5,5,17.0,133.0,115.0,133.0
2026-05-16T18:00,154,22.2,11.3,33.4,112.0,2026-05-16 18:00:00,18,5,5,4.0,150.0,129.0,139.0
2026-05-16T19:00,147,29.7,19.5,68.5,59.0,2026-05-16 19:00:00,19,5,5,-7.0,154.0,125.0,136.0
2026-05-16T20:00,123,42.6,31.4,93.4,19.0,2026-05-16 20:00:00,20,5,5,-24.0,147.0,103.0,123.0
2026-05-16T21:00,88,50.5,40.6,99.1,4.0,2026-05-16 21:00:00,21,5,5,-35.0,123.0,91.0,103.0
2026-05-16T22:00,74,53.2,46.1,94.7,1.0,2026-05-16 22:00:00,22,5,5,-14.0,88.0,89.0,77.0
2026-05-16T23:00,73,44.6,41.1,87.8,4.0,2026-05-16 23:00:00,23,5,5,-1.0,74.0,87.0,57.0
2026-05-17T00:00,73,34.9,33.2,80.1,11.0,2026-05-17 00:00:00,0,6,5,0.0,73.0,86.0,57.0
2026-05-17T01:00,73,26.8,26.0,69.9,24.0,2026-05-17 01:00:00,1,6,5,0.0,73.0,84.0,56.0
2026-05-17T02:00,72,21.7,21.0,59.3,34.0,2026-05-17 02:00:00,2,6,5,-1.0,73.0,84.0,55.0
2026-05-17T03:00,72,18.0,17.5,47.8,38.0,2026-05-17 03:00:00,3,6,5,0.0,72.0,83.0,55.0
2026-05-17T04:00,71,15.3,14.8,35.9,40.0,2026-05-17 04:00:00,4,6,5,-1.0,72.0,83.0,55.0
2026-05-17T05:00,71,18.7,17.8,43.4,32.0,2026-05-17 05:00:00,5,6,5,0.0,71.0,83.0,55.0
2026-05-17T06:00,70,16.5,15.8,36.3,52.0,2026-05-17 06:00:00,6,6,5,-1.0,71.0,83.0,54.0
2026-05-17T07:00,70,16.9,16.1,26.3,79.0,2026-05-17 07:00:00,7,6,5,0.0,70.0,83.0,54.0
2026-05-17T08:00,69,16.1,13.2,17.6,105.0,2026-05-17 08:00:00,8,6,5,-1.0,70.0,83.0,53.0
2026-05-17T09:00,69,13.6,9.1,11.3,126.0,2026-05-17 09:00:00,9,6,5,0.0,69.0,83.0,53.0
2026-05-17T10:00,68,13.9,7.7,6.3,144.0,2026-05-17 10:00:00,10,6,5,-1.0,69.0,83.0,53.0
2026-05-17T11:00,67,13.1,7.8,2.9,158.0,2026-05-17 11:00:00,11,6,5,-1.0,68.0,83.0,53.0
2026-05-17T12:00,67,12.2,7.9,1.6,164.0,2026-05-17 12:00:00,12,6,5,0.0,67.0,82.0,53.0
2026-05-17T13:00,66,11.4,7.8,2.0,166.0,2026-05-17 13:00:00,13,6,5,-1.0,67.0,82.0,79.0
2026-05-17T14:00,78,10.9,7.7,2.6,165.0,2026-05-17 14:00:00,14,6,5,12.0,66.0,83.0,104.0
2026-05-17T15:00,102,11.0,7.7,1.5,166.0,2026-05-17 15:00:00,15,6,5,24.0,78.0,111.0,123.0
2026-05-17T16:00,120,11.2,7.7,0.7,165.0,2026-05-17 16:00:00,16,6,5,18.0,102.0,133.0,137.0
2026-05-17T17:00,133,4.9,3.6,4.9,153.0,2026-05-17 17:00:00,17,6,5,13.0,120.0,150.0,145.0
2026-05-17T18:00,139,6.2,4.3,16.9,130.0,2026-05-17 18:00:00,18,6,5,6.0,133.0,154.0,143.0
2026-05-17T19:00,136,11.3,9.4,33.7,97.0,2026-05-17 19:00:00,19,6,5,-3.0,139.0,147.0,132.0
2026-05-17T20:00,123,20.3,18.0,48.3,68.0,2026-05-17 20:00:00,20,6,5,-13.0,136.0,123.0,111.0
2026-05-17T21:00,103,27.6,25.3,59.7,46.0,2026-05-17 21:00:00,21,6,5,-20.0,123.0,88.0,83.0
2026-05-17T22:00,77,33.9,31.8,68.8,27.0,2026-05-17 22:00:00,22,6,5,-26.0,103.0,74.0,63.0
2026-05-17T23:00,57,31.9,30.6,71.4,17.0,2026-05-17 23:00:00,23,6,5,-20.0,77.0,73.0,63.0
2026-05-18T00:00,57,26.0,25.2,63.2,20.0,2026-05-18 00:00:00,0,0,5,0.0,57.0,73.0,64.0
2026-05-18T01:00,56,21.8,21.1,48.5,32.0,2026-05-18 01:00:00,1,0,5,-1.0,57.0,73.0,65.0
2026-05-18T02:00,55,18.2,17.6,36.1,43.0,2026-05-18 02:00:00,2,0,5,-1.0,56.0,72.0,66.0
2026-05-18T03:00,55,15.1,14.7,29.0,47.0,2026-05-18 03:00:00,3,0,5,0.0,55.0,72.0,66.0
2026-05-18T04:00,55,12.7,12.4,24.2,50.0,2026-05-18 04:00:00,4,0,5,0.0,55.0,71.0,67.0
2026-05-18T05:00,55,12.0,11.7,21.9,57.0,2026-05-18 05:00:00,5,0,5,0.0,55.0,71.0,67.0
2026-05-18T06:00,54,11.6,11.3,22.7,73.0,2026-05-18 06:00:00,6,0,5,-1.0,55.0,70.0,67.0
2026-05-18T07:00,54,13.4,13.0,23.6,96.0,2026-05-18 07:00:00,7,0,5,0.0,54.0,70.0,68.0
2026-05-18T08:00,53,11.2,10.2,22.4,118.0,2026-05-18 08:00:00,8,0,5,-1.0,54.0,69.0,68.0
2026-05-18T09:00,53,10.0,7.4,17.3,140.0,2026-05-18 09:00:00,9,0,5,0.0,53.0,69.0,69.0
2026-05-18T10:00,53,12.0,7.3,10.1,162.0,2026-05-18 10:00:00,10,0,5,0.0,53.0,68.0,70.0
2026-05-18T11:00,53,14.6,8.1,4.8,176.0,2026-05-18 11:00:00,11,0,5,0.0,53.0,67.0,72.0
2026-05-18T12:00,53,21.7,9.7,3.0,178.0,2026-05-18 12:00:00,12,0,5,0.0,53.0,67.0,73.0
2026-05-18T13:00,79,33.3,13.2,3.0,172.0,2026-05-18 13:00:00,13,0,5,26.0,53.0,66.0,85.0
2026-05-18T14:00,104,47.6,17.1,3.6,165.0,2026-05-18 14:00:00,14,0,5,25.0,79.0,78.0,103.0
2026-05-18T15:00,123,62.9,19.6,2.1,161.0,2026-05-18 15:00:00,15,0,5,19.0,104.0,102.0,119.0
2026-05-18T16:00,137,74.5,21.3,1.2,155.0,2026-05-18 16:00:00,16,0,5,14.0,123.0,120.0,133.0
2026-05-18T17:00,145,69.6,18.1,7.8,131.0,2026-05-18 17:00:00,17,0,5,8.0,137.0,133.0,143.0
2026-05-18T18:00,143,63.1,19.0,20.5,108.0,2026-05-18 18:00:00,18,0,5,-2.0,145.0,139.0,146.0
2026-05-18T19:00,132,65.7,25.8,38.3,77.0,2026-05-18 19:00:00,19,0,5,-11.0,143.0,136.0,137.0
2026-05-18T20:00,111,65.9,30.0,53.0,50.0,2026-05-18 20:00:00,20,0,5,-21.0,132.0,123.0,119.0
2026-05-18T21:00,83,65.9,33.3,62.9,33.0,2026-05-18 21:00:00,21,0,5,-28.0,111.0,103.0,96.0
2026-05-18T22:00,63,67.1,37.8,69.8,21.0,2026-05-18 22:00:00,22,0,5,-20.0,83.0,77.0,74.0
2026-05-18T23:00,63,62.6,38.8,70.5,16.0,2026-05-18 23:00:00,23,0,5,0.0,63.0,57.0,74.0
2026-05-19T00:00,64,54.7,35.7,61.7,21.0,2026-05-19 00:00:00,0,1,5,1.0,63.0,57.0,75.0
2026-05-19T01:00,65,46.6,31.0,46.8,33.0,2026-05-19 01:00:00,1,1,5,1.0,64.0,56.0,75.0
2026-05-19T02:00,66,40.0,25.3,33.2,47.0,2026-05-19 02:00:00,2,1,5,1.0,65.0,55.0,75.0
2026-05-19T03:00,66,32.0,20.0,22.5,64.0,2026-05-19 03:00:00,3,1,5,0.0,66.0,55.0,75.0
2026-05-19T04:00,67,27.8,15.3,13.1,83.0,2026-05-19 04:00:00,4,1,5,1.0,66.0,55.0,75.0
2026-05-19T05:00,67,26.8,14.1,9.7,84.0,2026-05-19 05:00:00,5,1,5,0.0,67.0,55.0,76.0
2026-05-19T06:00,67,26.7,14.4,13.7,86.0,2026-05-19 06:00:00,6,1,5,0.0,67.0,54.0,76.0
2026-05-19T07:00,68,28.2,17.6,18.9,91.0,2026-05-19 07:00:00,7,1,5,1.0,67.0,54.0,76.0
2026-05-19T08:00,68,39.7,20.4,21.1,102.0,2026-05-19 08:00:00,8,1,5,0.0,68.0,53.0,77.0
2026-05-19T09:00,69,46.7,22.8,17.1,129.0,2026-05-19 09:00:00,9,1,5,1.0,68.0,53.0,77.0
2026-05-19T10:00,70,48.2,23.7,10.0,163.0,2026-05-19 10:00:00,10,1,5,1.0,69.0,53.0,77.0
2026-05-19T11:00,72,45.3,22.6,4.6,185.0,2026-05-19 11:00:00,11,1,5,2.0,70.0,53.0,77.0
2026-05-19T12:00,73,40.3,20.6,2.8,185.0,2026-05-19 12:00:00,12,1,5,1.0,72.0,53.0,76.0
2026-05-19T13:00,85,34.5,17.8,2.7,173.0,2026-05-19 13:00:00,13,1,5,12.0,73.0,79.0,76.0
2026-05-19T14:00,103,34.3,16.9,3.1,161.0,2026-05-19 14:00:00,14,1,5,18.0,85.0,104.0,78.0
2026-05-19T15:00,119,37.8,17.2,2.7,155.0,2026-05-19 15:00:00,15,1,5,16.0,103.0,123.0,94.0
2026-05-19T16:00,133,40.0,17.3,2.9,150.0,2026-05-19 16:00:00,16,1,5,14.0,119.0,137.0,109.0
2026-05-19T17:00,143,59.8,20.9,6.5,140.0,2026-05-19 17:00:00,17,1,5,10.0,133.0,145.0,121.0
2026-05-19T18:00,146,56.2,21.2,16.6,123.0,2026-05-19 18:00:00,18,1,5,3.0,143.0,143.0,126.0
2026-05-19T19:00,137,54.6,25.4,30.9,100.0,2026-05-19 19:00:00,19,1,5,-9.0,146.0,132.0,122.0
2026-05-19T20:00,119,62.9,30.7,44.2,77.0,2026-05-19 20:00:00,20,1,5,-18.0,137.0,111.0,109.0
2026-05-19T21:00,96,68.0,34.8,57.1,56.0,2026-05-19 21:00:00,21,1,5,-23.0,119.0,83.0,90.0
2026-05-19T22:00,74,73.1,39.8,69.0,36.0,2026-05-19 22:00:00,22,1,5,-22.0,96.0,63.0,78.0
2026-05-19T23:00,74,74.7,44.4,72.7,25.0,2026-05-19 23:00:00,23,1,5,0.0,74.0,63.0,79.0
2026-05-20T00:00,75,61.5,39.8,61.9,28.0,2026-05-20 00:00:00,0,2,5,1.0,74.0,64.0,79.0
2026-05-20T01:00,75,49.1,31.2,42.9,40.0,2026-05-20 01:00:00,1,2,5,0.0,75.0,65.0,80.0
2026-05-20T02:00,75,40.0,25.0,27.2,51.0,2026-05-20 02:00:00,2,2,5,0.0,75.0,66.0,80.0
2026-05-20T03:00,75,34.5,21.2,18.6,56.0,2026-05-20 03:00:00,3,2,5,0.0,75.0,66.0,80.0
2026-05-20T04:00,75,31.7,18.9,13.2,60.0,2026-05-20 04:00:00,4,2,5,0.0,75.0,67.0,80.0
2026-05-20T05:00,76,29.7,17.6,9.2,80.0,2026-05-20 05:00:00,5,2,5,1.0,75.0,67.0,80.0
2026-05-20T06:00,76,31.4,17.8,14.0,82.0,2026-05-20 06:00:00,6,2,5,0.0,76.0,67.0,81.0
2026-05-20T07:00,76,29.7,20.2,20.2,85.0,2026-05-20 07:00:00,7,2,5,0.0,76.0,68.0,81.0
2026-05-20T08:00,77,47.6,24.1,22.8,94.0,2026-05-20 08:00:00,8,2,5,1.0,76.0,68.0,81.0
2026-05-20T09:00,77,57.0,23.8,18.0,114.0,2026-05-20 09:00:00,9,2,5,0.0,77.0,69.0,81.0
2026-05-20T10:00,77,49.1,20.7,9.5,139.0,2026-05-20 10:00:00,10,2,5,0.0,77.0,70.0,81.0
2026-05-20T11:00,77,43.8,19.0,3.2,157.0,2026-05-20 11:00:00,11,2,5,0.0,77.0,72.0,81.0
2026-05-20T12:00,76,43.1,18.6,1.6,162.0,2026-05-20 12:00:00,12,2,5,-1.0,77.0,73.0,82.0
2026-05-20T13:00,76,45.2,19.0,2.3,160.0,2026-05-20 13:00:00,13,2,5,0.0,76.0,85.0,82.0
2026-05-20T14:00,78,49.5,20.1,3.4,157.0,2026-05-20 14:00:00,14,2,5,2.0,76.0,103.0,83.0
2026-05-20T15:00,94,52.6,21.1,3.9,155.0,2026-05-20 15:00:00,15,2,5,16.0,78.0,119.0,84.0
2026-05-20T16:00,109,55.8,22.2,4.9,152.0,2026-05-20 16:00:00,16,2,5,15.0,94.0,133.0,84.0
2026-05-20T17:00,121,60.5,22.2,7.3,139.0,2026-05-20 17:00:00,17,2,5,12.0,109.0,143.0,85.0
2026-05-20T18:00,126,58.1,22.4,17.4,121.0,2026-05-20 18:00:00,18,2,5,5.0,121.0,146.0,86.0
2026-05-20T19:00,122,58.4,24.9,31.8,95.0,2026-05-20 19:00:00,19,2,5,-4.0,126.0,137.0,87.0
2026-05-20T20:00,109,63.6,30.3,46.1,71.0,2026-05-20 20:00:00,20,2,5,-13.0,122.0,119.0,89.0
2026-05-20T21:00,90,71.5,39.2,62.0,47.0,2026-05-20 21:00:00,21,2,5,-19.0,109.0,96.0,91.0
2026-05-20T22:00,78,78.5,48.7,77.8,25.0,2026-05-20 22:00:00,22,2,5,-12.0,90.0,74.0,92.0
2026-05-20T23:00,79,79.2,52.0,83.7,14.0,2026-05-20 23:00:00,23,2,5,1.0,78.0,74.0,90.0
2026-05-21T00:00,79,66.4,43.5,72.0,24.0,2026-05-21 00:00:00,0,3,5,0.0,79.0,75.0,89.0
2026-05-21T01:00,80,53.0,34.3,50.4,46.0,2026-05-21 01:00:00,1,3,5,1.0,79.0,75.0,88.0
2026-05-21T02:00,80,45.5,26.9,32.8,62.0,2026-05-21 02:00:00,2,3,5,0.0,80.0,75.0,88.0
2026-05-21T03:00,80,33.3,22.0,24.4,63.0,2026-05-21 03:00:00,3,3,5,0.0,80.0,75.0,89.0
2026-05-21T04:00,80,25.3,18.4,20.0,57.0,2026-05-21 04:00:00,4,3,5,0.0,80.0,75.0,90.0
2026-05-21T05:00,80,41.1,21.6,9.7,84.0,2026-05-21 05:00:00,5,3,5,0.0,80.0,76.0,91.0
2026-05-21T06:00,81,36.7,19.5,14.9,81.0,2026-05-21 06:00:00,6,3,5,1.0,80.0,76.0,90.0
2026-05-21T07:00,81,57.5,22.8,21.8,79.0,2026-05-21 07:00:00,7,3,5,0.0,81.0,76.0,90.0
2026-05-21T08:00,81,62.9,25.6,25.0,80.0,2026-05-21 08:00:00,8,3,5,0.0,81.0,77.0,90.0
2026-05-21T09:00,81,60.3,25.2,20.7,90.0,2026-05-21 09:00:00,9,3,5,0.0,81.0,77.0,89.0
2026-05-21T10:00,81,62.9,23.2,12.7,104.0,2026-05-21 10:00:00,10,3,5,0.0,81.0,77.0,89.0
2026-05-21T11:00,81,64.7,22.4,6.4,116.0,2026-05-21 11:00:00,11,3,5,0.0,81.0,77.0,89.0
2026-05-21T12:00,82,82.4,23.7,4.0,122.0,2026-05-21 12:00:00,12,3,5,1.0,81.0,76.0,89.0
2026-05-21T13:00,82,104.1,25.6,3.2,125.0,2026-05-21 13:00:00,13,3,5,0.0,82.0,76.0,89.0
2026-05-21T14:00,83,122.9,28.6,3.5,127.0,2026-05-21 14:00:00,14,3,5,1.0,82.0,78.0,89.0
2026-05-21T15:00,84,130.9,30.9,3.5,131.0,2026-05-21 15:00:00,15,3,5,1.0,83.0,94.0,89.0
2026-05-21T16:00,84,129.5,32.6,4.5,134.0,2026-05-21 16:00:00,16,3,5,0.0,84.0,109.0,89.0
2026-05-21T17:00,85,128.5,33.9,12.7,125.0,2026-05-21 17:00:00,17,3,5,1.0,84.0,121.0,98.0
2026-05-21T18:00,86,130.9,34.3,41.3,88.0,2026-05-21 18:00:00,18,3,5,1.0,85.0,126.0,105.0
2026-05-21T19:00,87,135.5,42.6,79.8,38.0,2026-05-21 19:00:00,19,3,5,1.0,86.0,122.0,101.0
2026-05-21T20:00,89,152.7,56.7,101.0,7.0,2026-05-21 20:00:00,20,3,5,2.0,87.0,109.0,88.0
2026-05-21T21:00,91,110.1,42.0,88.0,15.0,2026-05-21 21:00:00,21,3,5,2.0,89.0,90.0,88.0
2026-05-21T22:00,92,79.4,34.0,57.8,43.0,2026-05-21 22:00:00,22,3,5,1.0,91.0,78.0,90.0
2026-05-21T23:00,90,90.6,37.8,34.1,63.0,2026-05-21 23:00:00,23,3,5,-2.0,92.0,79.0,91.0
2026-05-22T00:00,89,68.2,36.0,26.9,65.0,2026-05-22 00:00:00,0,4,5,-1.0,90.0,79.0,92.0
2026-05-22T01:00,88,58.1,34.0,26.3,59.0,2026-05-22 01:00:00,1,4,5,-1.0,89.0,80.0,92.0
2026-05-22T02:00,88,79.9,33.5,25.8,54.0,2026-05-22 02:00:00,2,4,5,0.0,88.0,80.0,92.0
2026-05-22T03:00,89,67.5,31.0,23.0,50.0,2026-05-22 03:00:00,3,4,5,1.0,88.0,80.0,91.0
2026-05-22T04:00,90,57.0,27.6,20.3,47.0,2026-05-22 04:00:00,4,4,5,1.0,89.0,80.0,90.0
2026-05-22T05:00,91,49.5,19.3,14.6,59.0,2026-05-22 05:00:00,5,4,5,1.0,90.0,80.0,90.0
2026-05-22T06:00,90,40.2,18.1,15.8,65.0,2026-05-22 06:00:00,6,4,5,-1.0,91.0,81.0,89.0
2026-05-22T07:00,90,49.6,19.2,17.4,75.0,2026-05-22 07:00:00,7,4,5,0.0,90.0,81.0,89.0
2026-05-22T08:00,90,72.9,21.3,17.2,87.0,2026-05-22 08:00:00,8,4,5,0.0,90.0,81.0,89.0
2026-05-22T09:00,89,79.4,21.6,13.6,103.0,2026-05-22 09:00:00,9,4,5,-1.0,90.0,81.0,89.0
2026-05-22T10:00,89,82.2,22.3,8.4,122.0,2026-05-22 10:00:00,10,4,5,0.0,89.0,81.0,89.0
2026-05-22T11:00,89,82.0,23.6,4.4,136.0,2026-05-22 11:00:00,11,4,5,0.0,89.0,81.0,89.0
2026-05-22T12:00,89,83.4,24.8,3.0,143.0,2026-05-22 12:00:00,12,4,5,0.0,89.0,82.0,89.0
2026-05-22T13:00,89,91.0,27.2,2.9,146.0,2026-05-22 13:00:00,13,4,5,0.0,89.0,82.0,89.0
2026-05-22T14:00,89,94.1,28.4,3.4,147.0,2026-05-22 14:00:00,14,4,5,0.0,89.0,83.0,89.0
2026-05-22T15:00,89,100.8,30.2,4.2,146.0,2026-05-22 15:00:00,15,4,5,0.0,89.0,84.0,90.0
2026-05-22T16:00,89,106.6,31.4,5.7,143.0,2026-05-22 16:00:00,16,4,5,0.0,89.0,84.0,105.0
2026-05-22T17:00,98,91.3,27.4,7.2,139.0,2026-05-22 17:00:00,17,4,5,9.0,89.0,85.0,119.0
2026-05-22T18:00,105,94.3,29.0,38.0,101.0,2026-05-22 18:00:00,18,4,5,7.0,98.0,86.0,125.0
2026-05-22T19:00,101,100.1,41.1,80.1,49.0,2026-05-22 19:00:00,19,4,5,-4.0,105.0,87.0,123.0
2026-05-22T20:00,88,115.0,55.4,108.7,11.0,2026-05-22 20:00:00,20,4,5,-13.0,101.0,89.0,110.0
2026-05-22T21:00,88,109.4,60.3,112.4,0.0,2026-05-22 21:00:00,21,4,5,0.0,88.0,91.0,90.0
2026-05-22T22:00,90,84.3,50.8,102.5,2.0,2026-05-22 22:00:00,22,4,5,2.0,88.0,92.0,77.0
2026-05-22T23:00,91,72.4,44.7,88.4,10.0,2026-05-22 23:00:00,23,4,5,1.0,90.0,90.0,75.0
2026-05-23T00:00,92,63.3,38.5,70.3,22.0,2026-05-23 00:00:00,0,5,5,1.0,91.0,89.0,73.0
2026-05-23T01:00,92,55.2,32.1,48.0,40.0,2026-05-23 01:00:00,1,5,5,0.0,92.0,88.0,72.0
2026-05-23T02:00,92,48.2,26.5,29.6,56.0,2026-05-23 02:00:00,2,5,5,0.0,92.0,88.0,71.0
2026-05-23T03:00,91,42.3,22.4,18.1,69.0,2026-05-23 03:00:00,3,5,5,-1.0,92.0,89.0,71.0
2026-05-23T04:00,90,40.7,19.2,10.6,79.0,2026-05-23 04:00:00,4,5,5,-1.0,91.0,90.0,70.0
2026-05-23T05:00,90,34.7,16.4,7.3,83.0,2026-05-23 05:00:00,5,5,5,0.0,90.0,91.0,70.0
2026-05-23T06:00,89,29.2,15.9,10.6,84.0,2026-05-23 06:00:00,6,5,5,-1.0,90.0,90.0,70.0
2026-05-23T07:00,89,35.9,17.5,14.9,86.0,2026-05-23 07:00:00,7,5,5,0.0,89.0,90.0,70.0
2026-05-23T08:00,89,45.1,19.8,16.7,93.0,2026-05-23 08:00:00,8,5,5,0.0,89.0,90.0,70.0
2026-05-23T09:00,89,57.7,21.7,13.6,110.0,2026-05-23 09:00:00,9,5,5,0.0,89.0,89.0,69.0
2026-05-23T10:00,89,66.4,22.6,7.9,132.0,2026-05-23 10:00:00,10,5,5,0.0,89.0,89.0,69.0
2026-05-23T11:00,89,76.1,25.7,3.7,149.0,2026-05-23 11:00:00,11,5,5,0.0,89.0,89.0,69.0
2026-05-23T12:00,89,77.8,26.4,2.5,157.0,2026-05-23 12:00:00,12,5,5,0.0,89.0,89.0,69.0
2026-05-23T13:00,89,74.5,26.1,2.7,161.0,2026-05-23 13:00:00,13,5,5,0.0,89.0,89.0,69.0
2026-05-23T14:00,89,71.7,25.8,3.4,161.0,2026-05-23 14:00:00,14,5,5,0.0,89.0,89.0,68.0
2026-05-23T15:00,90,69.8,25.7,3.0,160.0,2026-05-23 15:00:00,15,5,5,1.0,89.0,89.0,81.0
2026-05-23T16:00,105,63.8,23.9,3.1,155.0,2026-05-23 16:00:00,16,5,5,15.0,90.0,89.0,96.0
2026-05-23T17:00,119,34.2,14.0,6.8,142.0,2026-05-23 17:00:00,17,5,5,14.0,105.0,98.0,107.0
2026-05-23T18:00,125,30.9,13.6,17.9,120.0,2026-05-23 18:00:00,18,5,5,6.0,119.0,105.0,115.0
2026-05-23T19:00,123,29.8,16.5,33.4,89.0,2026-05-23 19:00:00,19,5,5,-2.0,125.0,101.0,115.0
2026-05-23T20:00,110,34.2,21.9,46.0,62.0,2026-05-23 20:00:00,20,5,5,-13.0,123.0,88.0,106.0
2026-05-23T21:00,90,34.7,23.7,53.2,45.0,2026-05-23 21:00:00,21,5,5,-20.0,110.0,88.0,89.0
2026-05-23T22:00,77,34.5,24.9,57.5,32.0,2026-05-23 22:00:00,22,5,5,-13.0,90.0,90.0,74.0
2026-05-23T23:00,75,33.8,26.0,58.8,24.0,2026-05-23 23:00:00,23,5,5,-2.0,77.0,91.0,76.0
2026-05-24T00:00,73,32.4,24.9,56.7,21.0,2026-05-24 00:00:00,0,6,5,-2.0,75.0,92.0,78.0
2026-05-24T01:00,72,30.9,23.8,51.7,21.0,2026-05-24 01:00:00,1,6,5,-1.0,73.0,92.0,79.0
2026-05-24T02:00,71,28.5,22.1,45.4,25.0,2026-05-24 02:00:00,2,6,5,-1.0,72.0,92.0,80.0
2026-05-24T03:00,71,24.4,19.0,37.3,31.0,2026-05-24 03:00:00,3,6,5,0.0,71.0,91.0,81.0
2026-05-24T04:00,70,20.4,15.6,28.0,40.0,2026-05-24 04:00:00,4,6,5,-1.0,71.0,90.0,81.0
2026-05-24T05:00,70,24.9,15.4,18.2,57.0,2026-05-24 05:00:00,5,6,5,0.0,70.0,90.0,82.0
2026-05-24T06:00,70,24.8,14.8,17.0,68.0,2026-05-24 06:00:00,6,6,5,0.0,70.0,89.0,83.0
2026-05-24T07:00,70,25.4,15.3,15.2,83.0,2026-05-24 07:00:00,7,6,5,0.0,70.0,89.0,83.0
2026-05-24T08:00,70,46.9,17.3,12.9,98.0,2026-05-24 08:00:00,8,6,5,0.0,70.0,89.0,84.0
2026-05-24T09:00,69,68.0,21.3,9.8,112.0,2026-05-24 09:00:00,9,6,5,-1.0,70.0,89.0,84.0
2026-05-24T10:00,69,64.0,20.9,6.2,126.0,2026-05-24 10:00:00,10,6,5,0.0,69.0,89.0,84.0
2026-05-24T11:00,69,67.5,21.9,3.6,137.0,2026-05-24 11:00:00,11,6,5,0.0,69.0,89.0,84.0
2026-05-24T12:00,69,73.8,23.3,2.5,145.0,2026-05-24 12:00:00,12,6,5,0.0,69.0,89.0,83.0
2026-05-24T13:00,69,68.9,23.2,2.4,151.0,2026-05-24 13:00:00,13,6,5,0.0,69.0,89.0,82.0
2026-05-24T14:00,68,63.6,22.8,2.6,154.0,2026-05-24 14:00:00,14,6,5,-1.0,69.0,89.0,82.0
2026-05-24T15:00,81,61.2,22.7,2.3,154.0,2026-05-24 15:00:00,15,6,5,13.0,68.0,90.0,97.0
2026-05-24T16:00,96,59.3,22.6,2.3,152.0,2026-05-24 16:00:00,16,6,5,15.0,81.0,105.0,112.0
2026-05-24T17:00,107,80.1,29.2,5.1,148.0,2026-05-24 17:00:00,17,6,5,11.0,96.0,119.0,122.0
2026-05-24T18:00,115,69.4,26.8,16.1,126.0,2026-05-24 18:00:00,18,6,5,8.0,107.0,125.0,130.0
2026-05-24T19:00,115,60.5,28.0,31.7,94.0,2026-05-24 19:00:00,19,6,5,0.0,115.0,123.0,128.0
2026-05-24T20:00,106,67.3,35.6,45.5,66.0,2026-05-24 20:00:00,20,6,5,-9.0,115.0,110.0,117.0
2026-05-24T21:00,89,72.6,43.2,57.2,42.0,2026-05-24 21:00:00,21,6,5,-17.0,106.0,90.0,99.0
2026-05-24T22:00,74,73.8,48.0,67.2,22.0,2026-05-24 22:00:00,22,6,5,-15.0,89.0,77.0,76.0
2026-05-24T23:00,76,65.2,44.9,70.6,10.0,2026-05-24 23:00:00,23,6,5,2.0,74.0,75.0,68.0
2026-05-25T00:00,78,55.4,39.1,63.0,13.0,2026-05-25 00:00:00,0,0,5,2.0,76.0,73.0,67.0
2026-05-25T01:00,79,46.8,33.9,48.9,25.0,2026-05-25 01:00:00,1,0,5,1.0,78.0,72.0,66.0
2026-05-25T02:00,80,40.9,29.2,36.7,36.0,2026-05-25 02:00:00,2,0,5,1.0,79.0,71.0,65.0
2026-05-25T03:00,81,37.1,25.6,29.3,39.0,2026-05-25 03:00:00,3,0,5,1.0,80.0,71.0,64.0
2026-05-25T04:00,81,34.1,23.2,23.9,41.0,2026-05-25 04:00:00,4,0,5,0.0,81.0,70.0,63.0
2026-05-25T05:00,82,33.1,23.1,25.3,43.0,2026-05-25 05:00:00,5,0,5,1.0,81.0,70.0,63.0
2026-05-25T06:00,83,30.6,21.0,23.1,60.0,2026-05-25 06:00:00,6,0,5,1.0,82.0,70.0,62.0
2026-05-25T07:00,83,32.4,22.2,19.9,84.0,2026-05-25 07:00:00,7,0,5,0.0,83.0,70.0,61.0
2026-05-25T08:00,84,44.7,21.8,16.3,107.0,2026-05-25 08:00:00,8,0,5,1.0,83.0,70.0,61.0
2026-05-25T09:00,84,41.3,18.3,11.8,126.0,2026-05-25 09:00:00,9,0,5,0.0,84.0,69.0,60.0
2026-05-25T10:00,84,37.1,16.4,6.9,144.0,2026-05-25 10:00:00,10,0,5,0.0,84.0,69.0,60.0
2026-05-25T11:00,84,36.0,16.1,3.4,156.0,2026-05-25 11:00:00,11,0,5,0.0,84.0,69.0,59.0
2026-05-25T12:00,83,34.0,15.3,2.3,159.0,2026-05-25 12:00:00,12,0,5,-1.0,84.0,69.0,59.0
2026-05-25T13:00,82,31.9,14.7,2.7,156.0,2026-05-25 13:00:00,13,0,5,-1.0,83.0,69.0,68.0
2026-05-25T14:00,82,28.2,13.7,3.4,153.0,2026-05-25 14:00:00,14,0,5,0.0,82.0,68.0,86.0
2026-05-25T15:00,97,24.0,12.0,3.3,154.0,2026-05-25 15:00:00,15,0,5,15.0,82.0,81.0,102.0
2026-05-25T16:00,112,19.7,10.0,3.4,155.0,2026-05-25 16:00:00,16,0,5,15.0,97.0,96.0,116.0
2026-05-25T17:00,122,4.8,3.4,5.7,161.0,2026-05-25 17:00:00,17,0,5,10.0,112.0,107.0,127.0
2026-05-25T18:00,130,5.3,3.6,17.9,137.0,2026-05-25 18:00:00,18,0,5,8.0,122.0,115.0,135.0
2026-05-25T19:00,128,8.9,7.1,35.0,103.0,2026-05-25 19:00:00,19,0,5,-2.0,130.0,115.0,133.0
2026-05-25T20:00,117,18.6,16.1,50.4,73.0,2026-05-25 20:00:00,20,0,5,-11.0,128.0,106.0,120.0
2026-05-25T21:00,99,28.9,25.6,64.1,49.0,2026-05-25 21:00:00,21,0,5,-18.0,117.0,89.0,100.0
2026-05-25T22:00,76,36.9,32.8,75.9,28.0,2026-05-25 22:00:00,22,0,5,-23.0,99.0,74.0,75.0
2026-05-25T23:00,68,35.9,31.7,79.1,18.0,2026-05-25 23:00:00,23,0,5,-8.0,76.0,76.0,59.0
2026-05-26T00:00,67,32.4,28.5,67.2,27.0,2026-05-26 00:00:00,0,1,5,-1.0,68.0,78.0,59.0
2026-05-26T01:00,66,27.9,24.3,46.5,46.0,2026-05-26 01:00:00,1,1,5,-1.0,67.0,79.0,59.0
2026-05-26T02:00,65,24.0,20.2,29.5,62.0,2026-05-26 02:00:00,2,1,5,-1.0,66.0,80.0,58.0
2026-05-26T03:00,64,21.0,17.2,20.6,67.0,2026-05-26 03:00:00,3,1,5,-1.0,65.0,81.0,58.0
2026-05-26T04:00,63,18.9,15.4,15.4,69.0,2026-05-26 04:00:00,4,1,5,-1.0,64.0,81.0,58.0
2026-05-26T05:00,63,18.6,14.8,12.6,75.0,2026-05-26 05:00:00,5,1,5,0.0,63.0,82.0,58.0
2026-05-26T06:00,62,17.9,14.3,15.0,83.0,2026-05-26 06:00:00,6,1,5,-1.0,63.0,83.0,58.0
2026-05-26T07:00,61,20.3,15.9,18.0,94.0,2026-05-26 07:00:00,7,1,5,-1.0,62.0,83.0,57.0
2026-05-26T08:00,61,23.7,15.9,18.8,107.0,2026-05-26 08:00:00,8,1,5,0.0,61.0,84.0,57.0
2026-05-26T09:00,60,21.9,12.9,15.0,124.0,2026-05-26 09:00:00,9,1,5,-1.0,61.0,84.0,57.0
2026-05-26T10:00,60,18.8,9.9,8.9,143.0,2026-05-26 10:00:00,10,1,5,0.0,60.0,84.0,56.0
2026-05-26T11:00,59,20.3,9.4,4.3,157.0,2026-05-26 11:00:00,11,1,5,-1.0,60.0,84.0,57.0
2026-05-26T12:00,59,23.2,10.1,2.8,162.0,2026-05-26 12:00:00,12,1,5,0.0,59.0,83.0,57.0
2026-05-26T13:00,68,25.1,10.6,2.8,161.0,2026-05-26 13:00:00,13,1,5,9.0,59.0,82.0,64.0
2026-05-26T14:00,86,26.0,11.0,3.3,159.0,2026-05-26 14:00:00,14,1,5,18.0,68.0,82.0,85.0
2026-05-26T15:00,102,26.7,11.3,2.1,160.0,2026-05-26 15:00:00,15,1,5,16.0,86.0,97.0,101.0
2026-05-26T16:00,116,27.9,11.8,1.3,159.0,2026-05-26 16:00:00,16,1,5,14.0,102.0,112.0,113.0
2026-05-26T17:00,127,7.6,3.7,6.4,159.0,2026-05-26 17:00:00,17,1,5,11.0,116.0,122.0,119.0
2026-05-26T18:00,135,11.7,5.4,19.9,134.0,2026-05-26 18:00:00,18,1,5,8.0,127.0,130.0,122.0
2026-05-26T19:00,133,17.5,10.8,39.0,99.0,2026-05-26 19:00:00,19,1,5,-2.0,135.0,128.0,119.0
2026-05-26T20:00,120,27.5,19.2,56.1,68.0,2026-05-26 20:00:00,20,1,5,-13.0,133.0,117.0,109.0
2026-05-26T21:00,100,36.4,27.6,71.1,43.0,2026-05-26 21:00:00,21,1,5,-20.0,120.0,99.0,92.0
2026-05-26T22:00,75,42.3,34.9,84.2,22.0,2026-05-26 22:00:00,22,1,5,-25.0,100.0,76.0,69.0
2026-05-26T23:00,59,36.3,31.9,88.7,12.0,2026-05-26 23:00:00,23,1,5,-16.0,75.0,68.0,61.0
2026-05-27T00:00,59,28.9,26.2,78.3,19.0,2026-05-27 00:00:00,0,2,5,0.0,59.0,67.0,61.0
2026-05-27T01:00,59,24.2,22.5,59.3,36.0,2026-05-27 01:00:00,1,2,5,0.0,59.0,66.0,62.0
2026-05-27T02:00,58,19.6,18.2,43.4,49.0,2026-05-27 02:00:00,2,2,5,-1.0,59.0,65.0,62.0
2026-05-27T03:00,58,16.5,15.5,34.8,51.0,2026-05-27 03:00:00,3,2,5,0.0,58.0,64.0,62.0
2026-05-27T04:00,58,14.6,13.7,29.3,49.0,2026-05-27 04:00:00,4,2,5,0.0,58.0,63.0,63.0
2026-05-27T05:00,58,11.7,11.1,24.4,55.0,2026-05-27 05:00:00,5,2,5,0.0,58.0,63.0,63.0
2026-05-27T06:00,58,11.4,10.7,25.0,74.0,2026-05-27 06:00:00,6,2,5,0.0,58.0,62.0,64.0
2026-05-27T07:00,57,13.6,12.3,25.5,99.0,2026-05-27 07:00:00,7,2,5,-1.0,58.0,61.0,65.0
2026-05-27T08:00,57,14.6,10.9,23.8,121.0,2026-05-27 08:00:00,8,2,5,0.0,57.0,61.0,66.0
2026-05-27T09:00,57,22.2,10.1,17.8,134.0,2026-05-27 09:00:00,9,2,5,0.0,57.0,60.0,66.0
2026-05-27T10:00,56,35.4,13.4,9.7,143.0,2026-05-27 10:00:00,10,2,5,-1.0,57.0,60.0,67.0
2026-05-27T11:00,57,39.2,14.4,3.7,149.0,2026-05-27 11:00:00,11,2,5,1.0,56.0,59.0,67.0
2026-05-27T12:00,57,37.8,14.1,1.9,152.0,2026-05-27 12:00:00,12,2,5,0.0,57.0,59.0,68.0
2026-05-27T13:00,64,36.3,13.9,2.4,153.0,2026-05-27 13:00:00,13,2,5,7.0,57.0,68.0,68.0
2026-05-27T14:00,85,36.2,14.4,3.2,152.0,2026-05-27 14:00:00,14,2,5,21.0,64.0,86.0,83.0
2026-05-27T15:00,101,36.6,14.8,2.3,153.0,2026-05-27 15:00:00,15,2,5,16.0,85.0,102.0,105.0
2026-05-27T16:00,113,37.1,15.1,1.9,153.0,2026-05-27 16:00:00,16,2,5,12.0,101.0,116.0,123.0
2026-05-27T17:00,119,33.4,13.3,6.2,147.0,2026-05-27 17:00:00,17,2,5,6.0,113.0,127.0,136.0
2026-05-27T18:00,122,30.7,12.8,16.5,128.0,2026-05-27 18:00:00,18,2,5,3.0,119.0,135.0,143.0
2026-05-27T19:00,119,30.0,15.0,31.3,100.0,2026-05-27 19:00:00,19,2,5,-3.0,122.0,133.0,138.0
2026-05-27T20:00,109,36.2,21.3,46.0,73.0,2026-05-27 20:00:00,20,2,5,-10.0,119.0,120.0,119.0
2026-05-27T21:00,92,44.4,29.1,62.3,46.0,2026-05-27 21:00:00,21,2,5,-17.0,109.0,100.0,92.0
2026-05-27T22:00,69,49.0,35.7,78.5,20.0,2026-05-27 22:00:00,22,2,5,-23.0,92.0,75.0,68.0
2026-05-27T23:00,61,46.9,36.2,85.1,7.0,2026-05-27 23:00:00,23,2,5,-8.0,69.0,59.0,69.0
2026-05-28T00:00,61,41.1,31.8,74.1,16.0,2026-05-28 00:00:00,0,3,5,0.0,61.0,59.0,70.0
2026-05-28T01:00,62,35.5,26.5,53.3,37.0,2026-05-28 01:00:00,1,3,5,1.0,61.0,59.0,71.0
2026-05-28T02:00,62,31.2,22.1,37.1,52.0,2026-05-28 02:00:00,2,3,5,0.0,62.0,58.0,72.0
2026-05-28T03:00,62,28.8,20.3,31.5,48.0,2026-05-28 03:00:00,3,3,5,0.0,62.0,58.0,72.0
2026-05-28T04:00,63,27.8,20.0,30.4,38.0,2026-05-28 04:00:00,4,3,5,1.0,62.0,58.0,73.0
2026-05-28T05:00,63,25.8,19.5,29.4,44.0,2026-05-28 05:00:00,5,3,5,0.0,63.0,58.0,73.0
2026-05-28T06:00,64,24.2,18.4,29.0,58.0,2026-05-28 06:00:00,6,3,5,1.0,63.0,58.0,73.0
2026-05-28T07:00,65,27.0,20.0,28.2,79.0,2026-05-28 07:00:00,7,3,5,1.0,64.0,57.0,73.0
2026-05-28T08:00,66,34.2,19.4,25.5,101.0,2026-05-28 08:00:00,8,3,5,1.0,65.0,57.0,74.0
2026-05-28T09:00,66,39.2,18.6,19.2,125.0,2026-05-28 09:00:00,9,3,5,0.0,66.0,57.0,74.0
2026-05-28T10:00,67,41.8,17.9,11.0,149.0,2026-05-28 10:00:00,10,3,5,1.0,66.0,56.0,74.0
2026-05-28T11:00,67,41.3,17.1,4.9,166.0,2026-05-28 11:00:00,11,3,5,0.0,67.0,57.0,74.0
2026-05-28T12:00,68,37.5,15.7,2.8,171.0,2026-05-28 12:00:00,12,3,5,1.0,67.0,57.0,75.0
2026-05-28T13:00,68,33.5,14.3,2.9,168.0,2026-05-28 13:00:00,13,3,5,0.0,68.0,64.0,77.0
2026-05-28T14:00,83,31.7,13.5,3.4,164.0,2026-05-28 14:00:00,14,3,5,15.0,68.0,85.0,112.0
2026-05-28T15:00,105,29.9,12.7,2.2,164.0,2026-05-28 15:00:00,15,3,5,22.0,83.0,101.0,141.0
2026-05-28T16:00,123,27.2,11.5,1.5,162.0,2026-05-28 16:00:00,16,3,5,18.0,105.0,113.0,158.0
2026-05-28T17:00,136,24.2,11.0,6.8,155.0,2026-05-28 17:00:00,17,3,5,13.0,123.0,119.0,168.0
2026-05-28T18:00,143,21.5,10.3,30.3,124.0,2026-05-28 18:00:00,18,3,5,7.0,136.0,122.0,172.0
2026-05-28T19:00,138,25.3,16.8,62.7,80.0,2026-05-28 19:00:00,19,3,5,-5.0,143.0,119.0,172.0
2026-05-28T20:00,119,35.0,27.6,87.5,45.0,2026-05-28 20:00:00,20,3,5,-19.0,138.0,109.0,167.0
2026-05-28T21:00,92,47.6,39.6,98.3,24.0,2026-05-28 21:00:00,21,3,5,-27.0,119.0,92.0,158.0
2026-05-28T22:00,68,55.2,47.1,101.5,12.0,2026-05-28 22:00:00,22,3,5,-24.0,92.0,69.0,146.0
2026-05-28T23:00,69,50.5,44.6,99.1,6.0,2026-05-28 23:00:00,23,3,5,1.0,68.0,61.0,127.0
2026-05-29T00:00,70,43.9,39.2,89.8,9.0,2026-05-29 00:00:00,0,4,5,1.0,69.0,61.0,106.0
2026-05-29T01:00,71,38.0,33.8,74.9,18.0,2026-05-29 01:00:00,1,4,5,1.0,70.0,62.0,92.0
2026-05-29T02:00,72,33.4,29.0,60.4,28.0,2026-05-29 02:00:00,2,4,5,1.0,71.0,62.0,93.0
2026-05-29T03:00,72,30.4,25.4,47.6,33.0,2026-05-29 03:00:00,3,4,5,0.0,72.0,62.0,94.0
2026-05-29T04:00,73,28.9,23.1,35.1,39.0,2026-05-29 04:00:00,4,4,5,1.0,72.0,63.0,96.0
2026-05-29T05:00,73,28.3,23.5,45.2,25.0,2026-05-29 05:00:00,5,4,5,0.0,73.0,63.0,97.0
2026-05-29T06:00,73,26.0,20.7,36.7,54.0,2026-05-29 06:00:00,6,4,5,0.0,73.0,64.0,99.0
2026-05-29T07:00,73,28.7,21.6,24.9,94.0,2026-05-29 07:00:00,7,4,5,0.0,73.0,65.0,100.0
2026-05-29T08:00,74,31.5,20.8,15.2,128.0,2026-05-29 08:00:00,8,4,5,1.0,73.0,66.0,102.0
2026-05-29T09:00,74,33.9,21.0,9.6,151.0,2026-05-29 09:00:00,9,4,5,0.0,74.0,66.0,104.0
2026-05-29T10:00,74,42.7,23.2,6.1,169.0,2026-05-29 10:00:00,10,4,5,0.0,74.0,67.0,107.0
2026-05-29T11:00,74,53.7,26.0,3.8,181.0,2026-05-29 11:00:00,11,4,5,0.0,74.0,67.0,111.0
2026-05-29T12:00,75,65.7,28.8,2.8,188.0,2026-05-29 12:00:00,12,4,5,1.0,74.0,68.0,114.0
2026-05-29T13:00,77,77.3,31.4,3.0,189.0,2026-05-29 13:00:00,13,4,5,2.0,75.0,68.0,118.0
2026-05-29T14:00,112,85.0,33.1,3.6,189.0,2026-05-29 14:00:00,14,4,5,35.0,77.0,83.0,135.0
2026-05-29T15:00,141,87.1,33.1,4.2,189.0,2026-05-29 15:00:00,15,4,5,29.0,112.0,105.0,152.0
2026-05-29T16:00,158,86.4,32.5,5.2,187.0,2026-05-29 16:00:00,16,4,5,17.0,141.0,123.0,161.0
2026-05-29T17:00,168,74.5,39.2,7.3,181.0,2026-05-29 17:00:00,17,4,5,10.0,158.0,136.0,166.0
2026-05-29T18:00,172,66.1,37.0,11.9,168.0,2026-05-29 18:00:00,18,4,5,4.0,168.0,143.0,166.0
2026-05-29T19:00,172,55.8,35.7,18.3,150.0,2026-05-29 19:00:00,19,4,5,0.0,172.0,138.0,165.0
2026-05-29T20:00,167,59.6,39.8,24.5,133.0,2026-05-29 20:00:00,20,4,5,-5.0,172.0,119.0,160.0
2026-05-29T21:00,158,65.9,44.6,30.5,117.0,2026-05-29 21:00:00,21,4,5,-9.0,167.0,92.0,151.0
2026-05-29T22:00,146,67.8,47.4,36.2,101.0,2026-05-29 22:00:00,22,4,5,-12.0,158.0,68.0,147.0
2026-05-29T23:00,127,67.3,47.8,39.1,89.0,2026-05-29 23:00:00,23,4,5,-19.0,146.0,69.0,149.0
2026-05-30T00:00,106,63.8,46.2,37.5,82.0,2026-05-30 00:00:00,0,5,5,-21.0,127.0,70.0,150.0
2026-05-30T01:00,92,59.1,43.8,33.2,78.0,2026-05-30 01:00:00,1,5,5,-14.0,106.0,71.0,151.0
2026-05-30T02:00,93,56.1,41.6,28.8,78.0,2026-05-30 02:00:00,2,5,5,1.0,92.0,72.0,152.0
2026-05-30T03:00,94,57.0,40.3,25.1,80.0,2026-05-30 03:00:00,3,5,5,1.0,93.0,72.0,153.0
2026-05-30T04:00,96,63.8,41.1,21.3,85.0,2026-05-30 04:00:00,4,5,5,2.0,94.0,73.0,153.0
2026-05-30T05:00,97,57.9,40.5,23.6,75.0,2026-05-30 05:00:00,5,5,5,1.0,96.0,73.0,154.0
2026-05-30T06:00,99,58.4,38.6,19.2,100.0,2026-05-30 06:00:00,6,5,5,2.0,97.0,73.0,154.0
2026-05-30T07:00,100,79.6,36.2,13.1,134.0,2026-05-30 07:00:00,7,5,5,1.0,99.0,73.0,154.0
2026-05-30T08:00,102,166.2,44.2,8.3,160.0,2026-05-30 08:00:00,8,5,5,2.0,100.0,74.0,154.0
2026-05-30T09:00,104,185.8,48.4,6.3,169.0,2026-05-30 09:00:00,9,5,5,2.0,102.0,74.0,154.0
2026-05-30T10:00,107,219.3,56.0,5.6,170.0,2026-05-30 10:00:00,10,5,5,3.0,104.0,74.0,154.0
2026-05-30T11:00,111,249.6,61.0,5.2,171.0,2026-05-30 11:00:00,11,5,5,4.0,107.0,74.0,154.0
2026-05-30T12:00,114,276.6,65.0,4.8,176.0,2026-05-30 12:00:00,12,5,5,3.0,111.0,75.0,154.0
2026-05-30T13:00,118,291.5,68.5,4.6,182.0,2026-05-30 13:00:00,13,5,5,4.0,114.0,77.0,153.0
2026-05-30T14:00,135,299.9,69.4,4.9,186.0,2026-05-30 14:00:00,14,5,5,17.0,118.0,112.0,153.0
2026-05-30T15:00,152,312.0,70.8,4.3,189.0,2026-05-30 15:00:00,15,5,5,17.0,135.0,141.0,152.0
2026-05-30T16:00,161,338.1,78.5,4.1,189.0,2026-05-30 16:00:00,16,5,5,9.0,152.0,158.0,158.0
2026-05-30T17:00,166,262.6,72.4,7.9,173.0,2026-05-30 17:00:00,17,5,5,5.0,161.0,168.0,163.0
2026-05-30T18:00,166,204.9,64.5,12.5,159.0,2026-05-30 18:00:00,18,5,5,0.0,166.0,172.0,166.0
2026-05-30T19:00,165,163.9,58.9,19.0,139.0,2026-05-30 19:00:00,19,5,5,-1.0,166.0,172.0,165.0
2026-05-30T20:00,160,143.0,58.8,25.9,119.0,2026-05-30 20:00:00,20,5,5,-5.0,165.0,167.0,161.0
2026-05-30T21:00,151,142.0,63.6,33.9,99.0,2026-05-30 21:00:00,21,5,5,-9.0,160.0,158.0,153.0
2026-05-30T22:00,147,149.5,69.2,42.2,79.0,2026-05-30 22:00:00,22,5,5,-4.0,151.0,146.0,147.0
2026-05-30T23:00,149,160.7,74.3,47.0,65.0,2026-05-30 23:00:00,23,5,5,2.0,147.0,127.0,145.0
2026-05-31T00:00,150,178.8,79.4,45.6,62.0,2026-05-31 00:00:00,0,6,5,1.0,149.0,106.0,143.0
2026-05-31T01:00,151,195.1,82.0,40.7,64.0,2026-05-31 01:00:00,1,6,5,1.0,150.0,92.0,140.0
2026-05-31T02:00,152,186.7,77.1,36.0,66.0,2026-05-31 02:00:00,2,6,5,1.0,151.0,93.0,138.0
2026-05-31T03:00,153,163.9,72.2,33.4,61.0,2026-05-31 03:00:00,3,6,5,1.0,152.0,94.0,136.0
2026-05-31T04:00,153,143.4,68.5,31.1,55.0,2026-05-31 04:00:00,4,6,5,0.0,153.0,96.0,135.0
2026-05-31T05:00,154,69.8,41.1,19.4,74.0,2026-05-31 05:00:00,5,6,5,1.0,153.0,97.0,134.0
2026-05-31T06:00,154,78.2,42.7,16.4,94.0,2026-05-31 06:00:00,6,6,5,0.0,154.0,99.0,136.0
2026-05-31T07:00,154,100.1,44.9,12.2,122.0,2026-05-31 07:00:00,7,6,5,0.0,154.0,100.0,138.0
2026-05-31T08:00,154,105.9,43.3,8.6,145.0,2026-05-31 08:00:00,8,6,5,0.0,154.0,102.0,139.0
2026-05-31T09:00,154,111.8,41.9,6.2,160.0,2026-05-31 09:00:00,9,6,5,0.0,154.0,104.0,139.0
2026-05-31T10:00,154,140.6,49.2,4.4,170.0,2026-05-31 10:00:00,10,6,5,0.0,154.0,107.0,140.0
2026-05-31T11:00,154,139.2,47.5,3.2,177.0,2026-05-31 11:00:00,11,6,5,0.0,154.0,111.0,139.0
2026-05-31T12:00,154,132.2,45.8,2.7,182.0,2026-05-31 12:00:00,12,6,5,0.0,154.0,114.0,139.0
2026-05-31T13:00,153,129.9,46.6,2.8,183.0,2026-05-31 13:00:00,13,6,5,-1.0,154.0,118.0,139.0
2026-05-31T14:00,153,128.5,46.7,3.1,183.0,2026-05-31 14:00:00,14,6,5,0.0,153.0,135.0,141.0
2026-05-31T15:00,152,131.8,48.3,3.5,182.0,2026-05-31 15:00:00,15,6,5,-1.0,153.0,152.0,149.0
2026-05-31T16:00,158,125.7,46.8,4.1,179.0,2026-05-31 16:00:00,16,6,5,6.0,152.0,161.0,158.0
2026-05-31T17:00,163,122.5,45.6,5.5,176.0,2026-05-31 17:00:00,17,6,5,5.0,158.0,166.0,163.0
2026-05-31T18:00,166,119.0,44.7,7.8,165.0,2026-05-31 18:00:00,18,6,5,3.0,163.0,166.0,164.0
2026-05-31T19:00,165,115.9,45.1,11.1,150.0,2026-05-31 19:00:00,19,6,5,-1.0,166.0,165.0,161.0
2026-05-31T20:00,161,110.4,46.6,14.2,135.0,2026-05-31 20:00:00,20,6,5,-4.0,165.0,160.0,154.0
2026-05-31T21:00,153,115.9,49.1,16.8,122.0,2026-05-31 21:00:00,21,6,5,-8.0,161.0,151.0,143.0
2026-05-31T22:00,147,119.0,51.6,19.3,110.0,2026-05-31 22:00:00,22,6,5,-6.0,153.0,147.0,144.0
2026-05-31T23:00,145,124.8,54.4,21.5,98.0,2026-05-31 23:00:00,23,6,5,-2.0,147.0,149.0,145.0
2026-06-01T00:00,143,132.2,57.7,24.0,84.0,2026-06-01 00:00:00,0,0,6,-2.0,145.0,150.0,146.0
2026-06-01T01:00,140,134.6,60.3,26.2,71.0,2026-06-01 01:00:00,1,0,6,-3.0,143.0,151.0,147.0
2026-06-01T02:00,138,132.2,61.0,26.9,63.0,2026-06-01 02:00:00,2,0,6,-2.0,140.0,152.0,147.0
2026-06-01T03:00,136,126.2,59.8,25.0,63.0,2026-06-01 03:00:00,3,0,6,-2.0,138.0,153.0,147.0
2026-06-01T04:00,135,119.7,58.0,21.5,70.0,2026-06-01 04:00:00,4,0,6,-1.0,136.0,153.0,147.0
2026-06-01T05:00,134,118.3,58.2,20.8,69.0,2026-06-01 05:00:00,5,0,6,-1.0,135.0,154.0,147.0
2026-06-01T06:00,136,123.4,59.6,18.5,89.0,2026-06-01 06:00:00,6,0,6,2.0,134.0,154.0,146.0
2026-06-01T07:00,138,138.3,55.8,15.2,118.0,2026-06-01 07:00:00,7,0,6,2.0,136.0,154.0,146.0
2026-06-01T08:00,139,129.5,49.5,12.0,143.0,2026-06-01 08:00:00,8,0,6,1.0,138.0,154.0,146.0
2026-06-01T09:00,139,122.5,46.4,9.0,160.0,2026-06-01 09:00:00,9,0,6,0.0,139.0,154.0,146.0
2026-06-01T10:00,140,117.1,45.2,6.0,173.0,2026-06-01 10:00:00,10,0,6,1.0,139.0,154.0,148.0
2026-06-01T11:00,139,114.6,44.7,3.9,182.0,2026-06-01 11:00:00,11,0,6,-1.0,140.0,154.0,150.0
2026-06-01T12:00,139,121.5,46.8,3.0,185.0,2026-06-01 12:00:00,12,0,6,0.0,139.0,154.0,150.0
2026-06-01T13:00,139,162.1,63.1,3.0,184.0,2026-06-01 13:00:00,13,0,6,0.0,139.0,153.0,151.0
2026-06-01T14:00,141,119.2,46.7,3.6,181.0,2026-06-01 14:00:00,14,0,6,2.0,139.0,153.0,151.0
2026-06-01T15:00,149,113.9,45.3,4.9,177.0,2026-06-01 15:00:00,15,0,6,8.0,141.0,152.0,151.0
2026-06-01T16:00,158,111.1,44.5,6.9,172.0,2026-06-01 16:00:00,16,0,6,9.0,149.0,158.0,154.0
2026-06-01T17:00,163,130.4,51.0,8.3,165.0,2026-06-01 17:00:00,17,0,6,5.0,158.0,163.0,160.0
2026-06-01T18:00,164,132.2,52.3,11.6,154.0,2026-06-01 18:00:00,18,0,6,1.0,163.0,166.0,161.0
2026-06-01T19:00,161,133.6,53.0,16.4,139.0,2026-06-01 19:00:00,19,0,6,-3.0,164.0,165.0,159.0
2026-06-01T20:00,154,126.2,54.1,22.0,122.0,2026-06-01 20:00:00,20,0,6,-7.0,161.0,161.0,153.0
2026-06-01T21:00,143,122.0,56.7,29.6,103.0,2026-06-01 21:00:00,21,0,6,-11.0,154.0,153.0,152.0
2026-06-01T22:00,144,132.2,62.4,37.9,82.0,2026-06-01 22:00:00,22,0,6,1.0,143.0,147.0,151.0
2026-06-01T23:00,145,135.5,64.5,42.4,68.0,2026-06-01 23:00:00,23,0,6,1.0,144.0,145.0,151.0
2026-06-02T00:00,146,131.8,62.9,39.9,64.0,2026-06-02 00:00:00,0,1,6,1.0,145.0,143.0,151.0
2026-06-02T01:00,147,130.9,62.4,33.5,67.0,2026-06-02 01:00:00,1,1,6,1.0,146.0,140.0,150.0
2026-06-02T02:00,147,131.8,63.1,27.9,70.0,2026-06-02 02:00:00,2,1,6,0.0,147.0,138.0,148.0
2026-06-02T03:00,147,121.5,60.8,24.8,69.0,2026-06-02 03:00:00,3,1,6,0.0,147.0,136.0,146.0
2026-06-02T04:00,147,106.9,57.3,22.4,69.0,2026-06-02 04:00:00,4,1,6,0.0,147.0,135.0,143.0
2026-06-02T05:00,147,97.1,49.8,11.2,111.0,2026-06-02 05:00:00,5,1,6,0.0,147.0,134.0,140.0
2026-06-02T06:00,146,107.3,53.6,12.4,117.0,2026-06-02 06:00:00,6,1,6,-1.0,147.0,136.0,138.0
2026-06-02T07:00,146,116.4,54.9,14.0,126.0,2026-06-02 07:00:00,7,1,6,0.0,146.0,138.0,135.0
2026-06-02T08:00,146,126.2,56.1,14.1,137.0,2026-06-02 08:00:00,8,1,6,0.0,146.0,139.0,132.0
2026-06-02T09:00,146,138.8,57.6,11.4,150.0,2026-06-02 09:00:00,9,1,6,0.0,146.0,139.0,130.0
2026-06-02T10:00,148,173.7,68.2,7.3,165.0,2026-06-02 10:00:00,10,1,6,2.0,146.0,140.0,128.0
2026-06-02T11:00,150,166.2,63.6,4.2,176.0,2026-06-02 11:00:00,11,1,6,2.0,148.0,139.0,126.0
2026-06-02T12:00,150,200.7,76.4,3.2,182.0,2026-06-02 12:00:00,12,1,6,0.0,150.0,139.0,124.0
2026-06-02T13:00,151,168.6,65.2,3.3,184.0,2026-06-02 13:00:00,13,1,6,1.0,150.0,139.0,120.0
2026-06-02T14:00,151,149.9,60.5,3.8,184.0,2026-06-02 14:00:00,14,1,6,0.0,151.0,141.0,121.0
2026-06-02T15:00,151,137.8,56.7,4.4,181.0,2026-06-02 15:00:00,15,1,6,0.0,151.0,149.0,138.0
2026-06-02T16:00,154,130.4,54.2,5.4,175.0,2026-06-02 16:00:00,16,1,6,3.0,151.0,158.0,151.0
2026-06-02T17:00,160,104.8,46.9,10.2,156.0,2026-06-02 17:00:00,17,1,6,6.0,154.0,163.0,156.0
2026-06-02T18:00,161,100.8,48.3,13.1,149.0,2026-06-02 18:00:00,18,1,6,1.0,160.0,164.0,157.0
2026-06-02T19:00,159,98.7,49.5,17.2,138.0,2026-06-02 19:00:00,19,1,6,-2.0,161.0,161.0,153.0
2026-06-02T20:00,153,92.4,49.8,21.0,125.0,2026-06-02 20:00:00,20,1,6,-6.0,159.0,154.0,143.0
2026-06-02T21:00,152,85.2,49.7,24.0,110.0,2026-06-02 21:00:00,21,1,6,-1.0,153.0,143.0,129.0
2026-06-02T22:00,151,76.1,48.0,26.7,94.0,2026-06-02 22:00:00,22,1,6,-1.0,152.0,144.0,112.0
2026-06-02T23:00,151,69.4,45.1,28.5,79.0,2026-06-02 23:00:00,23,1,6,0.0,151.0,145.0,102.0
2026-06-03T00:00,151,60.8,43.1,29.4,65.0,2026-06-03 00:00:00,0,2,6,0.0,151.0,146.0,101.0
2026-06-03T01:00,150,51.1,39.1,29.5,51.0,2026-06-03 01:00:00,1,2,6,-1.0,151.0,147.0,100.0
2026-06-03T02:00,148,43.7,35.2,28.4,44.0,2026-06-03 02:00:00,2,2,6,-2.0,150.0,147.0,99.0
2026-06-03T03:00,146,39.2,32.0,25.4,44.0,2026-06-03 03:00:00,3,2,6,-2.0,148.0,147.0,98.0
2026-06-03T04:00,143,38.6,29.6,21.3,49.0,2026-06-03 04:00:00,4,2,6,-3.0,146.0,147.0,98.0
2026-06-03T05:00,140,55.8,30.2,11.0,91.0,2026-06-03 05:00:00,5,2,6,-3.0,143.0,147.0,97.0
2026-06-03T06:00,138,52.2,28.8,12.4,99.0,2026-06-03 06:00:00,6,2,6,-2.0,140.0,146.0,97.0
2026-06-03T07:00,135,54.6,29.2,14.1,110.0,2026-06-03 07:00:00,7,2,6,-3.0,138.0,146.0,96.0
2026-06-03T08:00,132,72.4,34.5,14.3,124.0,2026-06-03 08:00:00,8,2,6,-3.0,135.0,146.0,96.0
2026-06-03T09:00,130,86.4,39.7,11.6,144.0,2026-06-03 09:00:00,9,2,6,-2.0,132.0,146.0,95.0
2026-06-03T10:00,128,100.4,42.5,7.4,167.0,2026-06-03 10:00:00,10,2,6,-2.0,130.0,148.0,95.0
2026-06-03T11:00,126,108.7,45.2,4.2,183.0,2026-06-03 11:00:00,11,2,6,-2.0,128.0,150.0,94.0
2026-06-03T12:00,124,106.4,44.5,3.1,187.0,2026-06-03 12:00:00,12,2,6,-2.0,126.0,150.0,93.0
2026-06-03T13:00,120,103.4,43.4,3.0,184.0,2026-06-03 13:00:00,13,2,6,-4.0,124.0,151.0,92.0
2026-06-03T14:00,121,100.4,42.3,3.5,178.0,2026-06-03 14:00:00,14,2,6,1.0,120.0,151.0,108.0
2026-06-03T15:00,138,100.4,41.9,3.7,170.0,2026-06-03 15:00:00,15,2,6,17.0,121.0,151.0,124.0
2026-06-03T16:00,151,96.9,40.0,4.3,158.0,2026-06-03 16:00:00,16,2,6,13.0,138.0,154.0,136.0
2026-06-03T17:00,156,74.0,29.0,7.1,150.0,2026-06-03 17:00:00,17,2,6,5.0,151.0,160.0,146.0
2026-06-03T18:00,157,74.0,29.0,11.0,142.0,2026-06-03 18:00:00,18,2,6,1.0,156.0,161.0,146.0
2026-06-03T19:00,153,61.7,28.9,16.4,131.0,2026-06-03 19:00:00,19,2,6,-4.0,157.0,159.0,140.0
2026-06-03T20:00,143,51.6,31.1,21.1,119.0,2026-06-03 20:00:00,20,2,6,-10.0,153.0,153.0,125.0
2026-06-03T21:00,129,46.2,32.5,24.4,107.0,2026-06-03 21:00:00,21,2,6,-14.0,143.0,152.0,104.0
2026-06-03T22:00,112,44.6,32.8,26.8,94.0,2026-06-03 22:00:00,22,2,6,-17.0,129.0,151.0,93.0
2026-06-03T23:00,102,43.0,33.5,27.9,83.0,2026-06-03 23:00:00,23,2,6,-10.0,112.0,151.0,94.0
2026-06-04T00:00,101,39.1,33.2,27.0,74.0,2026-06-04 00:00:00,0,3,6,-1.0,102.0,151.0,97.0
2026-06-04T01:00,100,36.6,30.9,24.6,67.0,2026-06-04 01:00:00,1,3,6,-1.0,101.0,150.0,99.0
2026-06-04T02:00,99,34.5,28.4,22.3,62.0,2026-06-04 02:00:00,2,3,6,-1.0,100.0,148.0,101.0
2026-06-04T03:00,98,32.5,26.4,20.2,59.0,2026-06-04 03:00:00,3,3,6,-1.0,99.0,146.0,103.0
2026-06-04T04:00,98,31.9,25.0,18.1,58.0,2026-06-04 04:00:00,4,3,6,0.0,98.0,143.0,106.0
2026-06-04T05:00,97,32.7,21.7,13.9,79.0,2026-06-04 05:00:00,5,3,6,-1.0,98.0,140.0,108.0
2026-06-04T06:00,97,34.0,22.2,14.5,93.0,2026-06-04 06:00:00,6,3,6,0.0,97.0,138.0,110.0
2026-06-04T07:00,96,39.8,24.7,15.2,112.0,2026-06-04 07:00:00,7,3,6,-1.0,97.0,135.0,111.0
2026-06-04T08:00,96,61.2,29.0,14.6,130.0,2026-06-04 08:00:00,8,3,6,0.0,96.0,132.0,112.0
2026-06-04T09:00,95,77.8,33.8,11.4,144.0,2026-06-04 09:00:00,9,3,6,-1.0,96.0,130.0,112.0
2026-06-04T10:00,95,83.4,35.4,7.0,156.0,2026-06-04 10:00:00,10,3,6,0.0,95.0,128.0,111.0
2026-06-04T11:00,94,85.4,35.6,4.3,165.0,2026-06-04 11:00:00,11,3,6,-1.0,95.0,126.0,110.0
2026-06-04T12:00,93,73.1,33.6,4.9,168.0,2026-06-04 12:00:00,12,3,6,-1.0,94.0,124.0,110.0
2026-06-04T13:00,92,58.7,31.9,7.2,168.0,2026-06-04 13:00:00,13,3,6,-1.0,93.0,120.0,109.0
2026-06-04T14:00,108,64.5,32.2,9.2,167.0,2026-06-04 14:00:00,14,3,6,16.0,92.0,121.0,109.0
2026-06-04T15:00,124,62.9,31.4,7.7,171.0,2026-06-04 15:00:00,15,3,6,16.0,108.0,138.0,109.0
2026-06-04T16:00,136,58.9,30.4,6.0,175.0,2026-06-04 16:00:00,16,3,6,12.0,124.0,151.0,126.0
2026-06-04T17:00,146,81.3,34.5,8.1,145.0,2026-06-04 17:00:00,17,3,6,10.0,136.0,156.0,142.0
2026-06-04T18:00,146,81.5,35.0,21.4,125.0,2026-06-04 18:00:00,18,3,6,0.0,146.0,157.0,151.0
2026-06-04T19:00,140,80.8,35.3,40.2,97.0,2026-06-04 19:00:00,19,3,6,-6.0,146.0,153.0,152.0
2026-06-04T20:00,125,90.1,46.0,57.8,70.0,2026-06-04 20:00:00,20,3,6,-15.0,140.0,143.0,143.0
2026-06-04T21:00,104,87.8,48.2,73.7,44.0,2026-06-04 21:00:00,21,3,6,-21.0,125.0,129.0,126.0
2026-06-04T22:00,93,85.7,51.3,88.4,18.0,2026-06-04 22:00:00,22,3,6,-11.0,104.0,112.0,104.0
2026-06-04T23:00,94,86.8,57.3,97.1,0.0,2026-06-04 23:00:00,23,3,6,1.0,93.0,102.0,101.0
2026-06-05T00:00,97,80.8,58.3,96.4,0.0,2026-06-05 00:00:00,0,4,6,3.0,94.0,101.0,99.0
2026-06-05T01:00,99,71.7,54.9,89.6,0.0,2026-06-05 01:00:00,1,4,6,2.0,97.0,100.0,96.0
2026-06-05T02:00,101,65.4,51.0,81.6,1.0,2026-06-05 02:00:00,2,4,6,2.0,99.0,99.0,94.0
2026-06-05T03:00,103,61.0,47.7,74.3,3.0,2026-06-05 03:00:00,3,4,6,2.0,101.0,98.0,91.0
2026-06-05T04:00,106,56.0,45.5,65.8,6.0,2026-06-05 04:00:00,4,4,6,3.0,103.0,98.0,89.0
2026-06-05T05:00,108,54.2,40.9,49.7,13.0,2026-06-05 05:00:00,5,4,6,2.0,106.0,97.0,87.0
2026-06-05T06:00,110,47.4,37.7,39.9,39.0,2026-06-05 06:00:00,6,4,6,2.0,108.0,97.0,85.0
2026-06-05T07:00,111,41.4,29.2,26.3,77.0,2026-06-05 07:00:00,7,4,6,1.0,110.0,96.0,83.0
2026-06-05T08:00,112,52.6,26.4,15.3,108.0,2026-06-05 08:00:00,8,4,6,1.0,111.0,96.0,83.0
2026-06-05T09:00,112,62.4,28.9,9.3,128.0,2026-06-05 09:00:00,9,4,6,0.0,112.0,95.0,82.0
2026-06-05T10:00,111,64.3,29.5,5.9,142.0,2026-06-05 10:00:00,10,4,6,-1.0,112.0,95.0,82.0
2026-06-05T11:00,110,61.9,28.9,3.8,153.0,2026-06-05 11:00:00,11,4,6,-1.0,111.0,94.0,80.0
2026-06-05T12:00,110,61.5,29.5,2.8,163.0,2026-06-05 12:00:00,12,4,6,0.0,110.0,93.0,79.0
2026-06-05T13:00,109,61.7,30.0,3.1,170.0,2026-06-05 13:00:00,13,4,6,-1.0,110.0,92.0,78.0
2026-06-05T14:00,109,60.1,30.2,3.9,175.0,2026-06-05 14:00:00,14,4,6,0.0,109.0,108.0,90.0
2026-06-05T15:00,109,58.9,30.0,3.8,180.0,2026-06-05 15:00:00,15,4,6,0.0,109.0,124.0,112.0
2026-06-05T16:00,126,58.9,30.4,4.2,183.0,2026-06-05 16:00:00,16,4,6,17.0,109.0,136.0,130.0
2026-06-05T17:00,142,41.3,23.9,8.0,174.0,2026-06-05 17:00:00,17,4,6,16.0,126.0,146.0,144.0
2026-06-05T18:00,151,41.4,24.2,22.4,147.0,2026-06-05 18:00:00,18,4,6,9.0,142.0,146.0,150.0
2026-06-05T19:00,152,44.4,28.3,42.0,110.0,2026-06-05 19:00:00,19,4,6,1.0,151.0,140.0,146.0
2026-06-05T20:00,143,49.4,35.0,55.0,80.0,2026-06-05 20:00:00,20,4,6,-9.0,152.0,125.0,131.0
2026-06-05T21:00,126,44.6,33.6,55.4,66.0,2026-06-05 21:00:00,21,4,6,-17.0,143.0,104.0,108.0
2026-06-05T22:00,104,41.8,32.5,49.2,59.0,2026-06-05 22:00:00,22,4,6,-22.0,126.0,93.0,79.0
2026-06-05T23:00,101,39.6,31.4,42.2,55.0,2026-06-05 23:00:00,23,4,6,-3.0,104.0,94.0,65.0
2026-06-06T00:00,99,35.9,29.1,35.5,54.0,2026-06-06 00:00:00,0,5,6,-2.0,101.0,97.0,65.0
2026-06-06T01:00,96,31.3,26.1,28.0,56.0,2026-06-06 01:00:00,1,5,6,-3.0,99.0,99.0,66.0
2026-06-06T02:00,94,28.3,23.7,21.9,58.0,2026-06-06 02:00:00,2,5,6,-2.0,96.0,101.0,66.0
2026-06-06T03:00,91,26.1,22.0,17.7,58.0,2026-06-06 03:00:00,3,5,6,-3.0,94.0,103.0,66.0
2026-06-06T04:00,89,24.8,20.9,14.9,58.0,2026-06-06 04:00:00,4,5,6,-2.0,91.0,106.0,66.0
2026-06-06T05:00,87,24.3,20.1,15.2,57.0,2026-06-06 05:00:00,5,5,6,-2.0,89.0,108.0,66.0
2026-06-06T06:00,85,24.2,19.9,16.6,69.0,2026-06-06 06:00:00,6,5,6,-2.0,87.0,110.0,66.0
2026-06-06T07:00,83,27.7,21.7,18.2,85.0,2026-06-06 07:00:00,7,5,6,-2.0,85.0,111.0,66.0
2026-06-06T08:00,83,34.1,22.8,18.0,104.0,2026-06-06 08:00:00,8,5,6,0.0,83.0,112.0,66.0
2026-06-06T09:00,82,33.2,20.5,14.0,126.0,2026-06-06 09:00:00,9,5,6,-1.0,83.0,112.0,66.0
2026-06-06T10:00,82,26.4,15.8,8.2,150.0,2026-06-06 10:00:00,10,5,6,0.0,82.0,111.0,65.0
2026-06-06T11:00,80,26.0,15.0,3.9,167.0,2026-06-06 11:00:00,11,5,6,-2.0,82.0,110.0,65.0
2026-06-06T12:00,79,25.8,14.7,2.6,174.0,2026-06-06 12:00:00,12,5,6,-1.0,80.0,110.0,65.0
2026-06-06T13:00,78,25.7,14.5,2.9,174.0,2026-06-06 13:00:00,13,5,6,-1.0,79.0,109.0,80.0
2026-06-06T14:00,90,25.7,14.3,3.5,172.0,2026-06-06 14:00:00,14,5,6,12.0,78.0,109.0,114.0
2026-06-06T15:00,112,25.5,13.9,1.8,172.0,2026-06-06 15:00:00,15,5,6,22.0,90.0,109.0,140.0
2026-06-06T16:00,130,25.1,13.6,0.6,169.0,2026-06-06 16:00:00,16,5,6,18.0,112.0,126.0,155.0
2026-06-06T17:00,144,13.1,8.2,6.7,156.0,2026-06-06 17:00:00,17,5,6,14.0,130.0,142.0,161.0
2026-06-06T18:00,150,13.9,8.9,20.3,131.0,2026-06-06 18:00:00,18,5,6,6.0,144.0,151.0,162.0
2026-06-06T19:00,146,17.3,12.9,39.5,95.0,2026-06-06 19:00:00,19,5,6,-4.0,150.0,152.0,159.0
2026-06-06T20:00,131,25.5,20.8,56.2,64.0,2026-06-06 20:00:00,20,5,6,-15.0,146.0,143.0,152.0
2026-06-06T21:00,108,29.7,24.9,68.9,41.0,2026-06-06 21:00:00,21,5,6,-23.0,131.0,126.0,137.0
2026-06-06T22:00,79,31.3,26.6,79.2,23.0,2026-06-06 22:00:00,22,5,6,-29.0,108.0,104.0,116.0
2026-06-06T23:00,65,34.9,30.6,83.8,12.0,2026-06-06 23:00:00,23,5,6,-14.0,79.0,101.0,88.0
